2026-01-05 22:32:21 [ERROR] config\CSC\config.toml (The system cannot find the file specified)
2026-01-05 22:32:22 [INFO] CSC is loading...   Success！
2026-01-05 22:32:23 [INFO]   Detected cloud rule update, preparing to download~
2026-01-05 22:32:24 [INFO]   Update completed~
2026-01-05 22:34:08 [INFO]    _____  _____  _____ 
2026-01-05 22:34:08 [INFO]   / ____|/ ____|/ ____|
2026-01-05 22:34:08 [INFO]  | |    | (___ | |        [CSC] Version: v0.21
2026-01-05 22:34:08 [INFO]  | |     \___ \| |        Minecraft Version: 1.20.1 forge
2026-01-05 22:34:08 [INFO]  | |____ ____) | |____    Problem/Feedback: Tencent QQ：1061133894
2026-01-05 22:34:08 [INFO]   \_____|_____/ \_____|
2026-01-05 22:34:08 [INFO]                        
2026-01-05 22:49:40 [INFO] CSC close completely, thanks for using!
2026-01-05 22:51:07 [INFO] CSC is loading...   Success！
2026-01-05 22:53:04 [INFO]    _____  _____  _____ 
2026-01-05 22:53:04 [INFO]   / ____|/ ____|/ ____|
2026-01-05 22:53:04 [INFO]  | |    | (___ | |        [CSC] Version: v0.21
2026-01-05 22:53:04 [INFO]  | |     \___ \| |        Minecraft Version: 1.20.1 forge
2026-01-05 22:53:04 [INFO]  | |____ ____) | |____    Problem/Feedback: Tencent QQ：1061133894
2026-01-05 22:53:04 [INFO]   \_____|_____/ \_____|
2026-01-05 22:53:04 [INFO]                        
2026-01-05 23:09:18 [INFO] CSC close completely, thanks for using!
2026-01-06 12:11:57 [INFO] CSC is loading...   Success！
2026-01-06 13:41:57 [INFO]    _____  _____  _____ 
2026-01-06 13:41:57 [INFO]   / ____|/ ____|/ ____|
2026-01-06 13:41:57 [INFO]  | |    | (___ | |        [CSC] Version: v0.21
2026-01-06 13:41:57 [INFO]  | |     \___ \| |        Minecraft Version: 1.20.1 forge
2026-01-06 13:41:57 [INFO]  | |____ ____) | |____    Problem/Feedback: Tencent QQ：1061133894
2026-01-06 13:41:57 [INFO]   \_____|_____/ \_____|
2026-01-06 13:41:57 [INFO]                        
2026-01-06 14:56:33 [INFO] CSC close completely, thanks for using!
2026-01-06 15:28:35 [INFO] CSC is loading...   Success！
2026-01-06 15:52:19 [INFO]    _____  _____  _____ 
2026-01-06 15:52:19 [INFO]   / ____|/ ____|/ ____|
2026-01-06 15:52:19 [INFO]  | |    | (___ | |        [CSC] Version: v0.21
2026-01-06 15:52:19 [INFO]  | |     \___ \| |        Minecraft Version: 1.20.1 forge
2026-01-06 15:52:19 [INFO]  | |____ ____) | |____    Problem/Feedback: Tencent QQ：1061133894
2026-01-06 15:52:19 [INFO]   \_____|_____/ \_____|
2026-01-06 15:52:19 [INFO]                        
2026-01-06 16:16:58 [INFO] CSC close completely, thanks for using!
2026-01-06 22:48:01 [INFO] CSC is loading...   Success！
2026-01-06 23:10:21 [INFO]    _____  _____  _____ 
2026-01-06 23:10:21 [INFO]   / ____|/ ____|/ ____|
2026-01-06 23:10:21 [INFO]  | |    | (___ | |        [CSC] Version: v0.21
2026-01-06 23:10:21 [INFO]  | |     \___ \| |        Minecraft Version: 1.20.1 forge
2026-01-06 23:10:21 [INFO]  | |____ ____) | |____    Problem/Feedback: Tencent QQ：1061133894
2026-01-06 23:10:21 [INFO]   \_____|_____/ \_____|
2026-01-06 23:10:21 [INFO]                        
2026-01-06 23:43:06 [INFO] CSC close completely, thanks for using!
2026-01-06 23:48:08 [INFO] CSC is loading...   Success！
2026-01-07 01:46:42 [INFO]    _____  _____  _____ 
2026-01-07 01:46:42 [INFO]   / ____|/ ____|/ ____|
2026-01-07 01:46:42 [INFO]  | |    | (___ | |        [CSC] Version: v0.21
2026-01-07 01:46:42 [INFO]  | |     \___ \| |        Minecraft Version: 1.20.1 forge
2026-01-07 01:46:42 [INFO]  | |____ ____) | |____    Problem/Feedback: Tencent QQ：1061133894
2026-01-07 01:46:42 [INFO]   \_____|_____/ \_____|
2026-01-07 01:46:42 [INFO]                        
2026-01-07 14:20:56 [INFO] CSC is loading...   Success！
2026-01-07 14:26:26 [INFO] CSC is loading...   Success！
2026-01-07 14:33:20 [INFO]    _____  _____  _____ 
2026-01-07 14:33:20 [INFO]   / ____|/ ____|/ ____|
2026-01-07 14:33:20 [INFO]  | |    | (___ | |        [CSC] Version: v0.21
2026-01-07 14:33:20 [INFO]  | |     \___ \| |        Minecraft Version: 1.20.1 forge
2026-01-07 14:33:20 [INFO]  | |____ ____) | |____    Problem/Feedback: Tencent QQ：1061133894
2026-01-07 14:33:20 [INFO]   \_____|_____/ \_____|
2026-01-07 14:33:20 [INFO]                        
2026-01-07 21:41:57 [INFO] CSC close completely, thanks for using!
2026-01-07 22:02:33 [INFO] CSC is loading...   Success！
2026-01-07 22:08:04 [INFO]    _____  _____  _____ 
2026-01-07 22:08:04 [INFO]   / ____|/ ____|/ ____|
2026-01-07 22:08:04 [INFO]  | |    | (___ | |        [CSC] Version: v0.21
2026-01-07 22:08:04 [INFO]  | |     \___ \| |        Minecraft Version: 1.20.1 forge
2026-01-07 22:08:04 [INFO]  | |____ ____) | |____    Problem/Feedback: Tencent QQ：1061133894
2026-01-07 22:08:04 [INFO]   \_____|_____/ \_____|
2026-01-07 22:08:04 [INFO]                        
2026-01-07 22:13:01 [INFO] CSC close completely, thanks for using!
2026-01-07 22:14:39 [INFO] CSC is loading...   Success！
2026-01-07 22:16:45 [INFO]    _____  _____  _____ 
2026-01-07 22:16:45 [INFO]   / ____|/ ____|/ ____|
2026-01-07 22:16:45 [INFO]  | |    | (___ | |        [CSC] Version: v0.21
2026-01-07 22:16:45 [INFO]  | |     \___ \| |        Minecraft Version: 1.20.1 forge
2026-01-07 22:16:45 [INFO]  | |____ ____) | |____    Problem/Feedback: Tencent QQ：1061133894
2026-01-07 22:16:45 [INFO]   \_____|_____/ \_____|
2026-01-07 22:16:45 [INFO]                        
2026-01-07 23:55:16 [INFO] CSC close completely, thanks for using!
2026-01-08 00:15:51 [INFO] CSC is loading...   Success！
2026-01-08 00:24:36 [INFO]    _____  _____  _____ 
2026-01-08 00:24:36 [INFO]   / ____|/ ____|/ ____|
2026-01-08 00:24:36 [INFO]  | |    | (___ | |        [CSC] Version: v0.21
2026-01-08 00:24:36 [INFO]  | |     \___ \| |        Minecraft Version: 1.20.1 forge
2026-01-08 00:24:36 [INFO]  | |____ ____) | |____    Problem/Feedback: Tencent QQ：1061133894
2026-01-08 00:24:36 [INFO]   \_____|_____/ \_____|
2026-01-08 00:24:36 [INFO]                        
2026-01-08 00:31:34 [INFO] CSC is loading...   Success！
2026-01-08 00:34:26 [INFO]    _____  _____  _____ 
2026-01-08 00:34:26 [INFO]   / ____|/ ____|/ ____|
2026-01-08 00:34:26 [INFO]  | |    | (___ | |        [CSC] Version: v0.21
2026-01-08 00:34:26 [INFO]  | |     \___ \| |        Minecraft Version: 1.20.1 forge
2026-01-08 00:34:26 [INFO]  | |____ ____) | |____    Problem/Feedback: Tencent QQ：1061133894
2026-01-08 00:34:26 [INFO]   \_____|_____/ \_____|
2026-01-08 00:34:26 [INFO]                        
2026-01-08 00:38:56 [INFO] CSC close completely, thanks for using!
2026-01-08 00:40:34 [INFO] CSC is loading...   Success！
2026-01-08 00:43:01 [INFO]    _____  _____  _____ 
2026-01-08 00:43:01 [INFO]   / ____|/ ____|/ ____|
2026-01-08 00:43:01 [INFO]  | |    | (___ | |        [CSC] Version: v0.21
2026-01-08 00:43:01 [INFO]  | |     \___ \| |        Minecraft Version: 1.20.1 forge
2026-01-08 00:43:01 [INFO]  | |____ ____) | |____    Problem/Feedback: Tencent QQ：1061133894
2026-01-08 00:43:01 [INFO]   \_____|_____/ \_____|
2026-01-08 00:43:01 [INFO]                        
2026-01-08 00:48:19 [INFO] CSC close completely, thanks for using!
2026-01-08 00:49:54 [INFO] CSC is loading...   Success！
2026-01-08 00:51:51 [INFO]    _____  _____  _____ 
2026-01-08 00:51:51 [INFO]   / ____|/ ____|/ ____|
2026-01-08 00:51:51 [INFO]  | |    | (___ | |        [CSC] Version: v0.21
2026-01-08 00:51:51 [INFO]  | |     \___ \| |        Minecraft Version: 1.20.1 forge
2026-01-08 00:51:51 [INFO]  | |____ ____) | |____    Problem/Feedback: Tencent QQ：1061133894
2026-01-08 00:51:51 [INFO]   \_____|_____/ \_____|
2026-01-08 00:51:51 [INFO]                        
2026-01-08 00:58:15 [INFO] CSC close completely, thanks for using!
2026-01-08 11:21:12 [INFO] CSC is loading...   Success！
2026-01-08 11:24:11 [INFO] CSC is loading...   Success！
2026-01-08 11:28:43 [INFO]    _____  _____  _____ 
2026-01-08 11:28:43 [INFO]   / ____|/ ____|/ ____|
2026-01-08 11:28:43 [INFO]  | |    | (___ | |        [CSC] Version: v0.21
2026-01-08 11:28:43 [INFO]  | |     \___ \| |        Minecraft Version: 1.20.1 forge
2026-01-08 11:28:43 [INFO]  | |____ ____) | |____    Problem/Feedback: Tencent QQ：1061133894
2026-01-08 11:28:43 [INFO]   \_____|_____/ \_____|
2026-01-08 11:28:43 [INFO]                        
2026-01-08 12:02:12 [INFO] CSC close completely, thanks for using!
2026-01-08 12:06:51 [INFO] CSC is loading...   Success！
2026-01-08 12:15:52 [INFO] CSC is loading...   Success！
2026-01-08 12:47:24 [INFO]    _____  _____  _____ 
2026-01-08 12:47:24 [INFO]   / ____|/ ____|/ ____|
2026-01-08 12:47:24 [INFO]  | |    | (___ | |        [CSC] Version: v0.21
2026-01-08 12:47:24 [INFO]  | |     \___ \| |        Minecraft Version: 1.20.1 forge
2026-01-08 12:47:24 [INFO]  | |____ ____) | |____    Problem/Feedback: Tencent QQ：1061133894
2026-01-08 12:47:24 [INFO]   \_____|_____/ \_____|
2026-01-08 12:47:24 [INFO]                        
2026-01-08 12:56:56 [INFO] CSC is loading...   Success！
2026-01-08 13:03:46 [INFO]    _____  _____  _____ 
2026-01-08 13:03:46 [INFO]   / ____|/ ____|/ ____|
2026-01-08 13:03:46 [INFO]  | |    | (___ | |        [CSC] Version: v0.21
2026-01-08 13:03:46 [INFO]  | |     \___ \| |        Minecraft Version: 1.20.1 forge
2026-01-08 13:03:46 [INFO]  | |____ ____) | |____    Problem/Feedback: Tencent QQ：1061133894
2026-01-08 13:03:46 [INFO]   \_____|_____/ \_____|
2026-01-08 13:03:46 [INFO]                        
2026-01-08 13:25:30 [INFO] CSC close completely, thanks for using!
2026-01-08 19:23:42 [INFO] CSC is loading...   Success！
2026-01-08 19:31:31 [INFO] CSC is loading...   Success！
2026-01-08 19:34:55 [INFO] CSC is loading...   Success！
2026-01-08 19:37:12 [INFO]    _____  _____  _____ 
2026-01-08 19:37:12 [INFO]   / ____|/ ____|/ ____|
2026-01-08 19:37:12 [INFO]  | |    | (___ | |        [CSC] Version: v0.21
2026-01-08 19:37:12 [INFO]  | |     \___ \| |        Minecraft Version: 1.20.1 forge
2026-01-08 19:37:12 [INFO]  | |____ ____) | |____    Problem/Feedback: Tencent QQ：1061133894
2026-01-08 19:37:12 [INFO]   \_____|_____/ \_____|
2026-01-08 19:37:12 [INFO]                        
2026-01-08 20:08:54 [INFO] CSC close completely, thanks for using!
2026-01-08 20:12:51 [INFO] CSC is loading...   Success！
2026-01-08 23:30:21 [INFO]    _____  _____  _____ 
2026-01-08 23:30:21 [INFO]   / ____|/ ____|/ ____|
2026-01-08 23:30:21 [INFO]  | |    | (___ | |        [CSC] Version: v0.21
2026-01-08 23:30:21 [INFO]  | |     \___ \| |        Minecraft Version: 1.20.1 forge
2026-01-08 23:30:21 [INFO]  | |____ ____) | |____    Problem/Feedback: Tencent QQ：1061133894
2026-01-08 23:30:21 [INFO]   \_____|_____/ \_____|
2026-01-08 23:30:21 [INFO]                        
2026-01-08 23:41:37 [INFO] CSC close completely, thanks for using!
2026-01-09 09:45:32 [INFO] CSC is loading...   Success！
2026-01-10 00:27:32 [INFO] CSC is loading...   Success！
2026-01-10 00:42:55 [INFO] CSC is loading...   Success！
2026-01-10 00:44:54 [INFO]    _____  _____  _____ 
2026-01-10 00:44:54 [INFO]   / ____|/ ____|/ ____|
2026-01-10 00:44:54 [INFO]  | |    | (___ | |        [CSC] Version: v0.21
2026-01-10 00:44:54 [INFO]  | |     \___ \| |        Minecraft Version: 1.20.1 forge
2026-01-10 00:44:54 [INFO]  | |____ ____) | |____    Problem/Feedback: Tencent QQ：1061133894
2026-01-10 00:44:54 [INFO]   \_____|_____/ \_____|
2026-01-10 00:44:54 [INFO]                        
2026-01-10 00:45:28 [INFO] CSC close completely, thanks for using!
2026-01-10 01:13:35 [INFO] CSC is loading...   Success！
2026-01-10 01:16:46 [INFO]    _____  _____  _____ 
2026-01-10 01:16:46 [INFO]   / ____|/ ____|/ ____|
2026-01-10 01:16:46 [INFO]  | |    | (___ | |        [CSC] Version: v0.21
2026-01-10 01:16:46 [INFO]  | |     \___ \| |        Minecraft Version: 1.20.1 forge
2026-01-10 01:16:46 [INFO]  | |____ ____) | |____    Problem/Feedback: Tencent QQ：1061133894
2026-01-10 01:16:46 [INFO]   \_____|_____/ \_____|
2026-01-10 01:16:46 [INFO]                        
2026-01-10 01:17:17 [INFO] CSC close completely, thanks for using!
2026-01-10 01:19:38 [INFO] CSC is loading...   Success！
2026-01-10 01:21:40 [INFO]    _____  _____  _____ 
2026-01-10 01:21:40 [INFO]   / ____|/ ____|/ ____|
2026-01-10 01:21:40 [INFO]  | |    | (___ | |        [CSC] Version: v0.21
2026-01-10 01:21:40 [INFO]  | |     \___ \| |        Minecraft Version: 1.20.1 forge
2026-01-10 01:21:40 [INFO]  | |____ ____) | |____    Problem/Feedback: Tencent QQ：1061133894
2026-01-10 01:21:40 [INFO]   \_____|_____/ \_____|
2026-01-10 01:21:40 [INFO]                        
2026-01-10 01:22:11 [INFO] CSC close completely, thanks for using!
2026-01-10 12:19:41 [INFO] CSC is loading...   Success！
2026-01-10 12:22:01 [INFO]    _____  _____  _____ 
2026-01-10 12:22:01 [INFO]   / ____|/ ____|/ ____|
2026-01-10 12:22:01 [INFO]  | |    | (___ | |        [CSC] Version: v0.21
2026-01-10 12:22:01 [INFO]  | |     \___ \| |        Minecraft Version: 1.20.1 forge
2026-01-10 12:22:01 [INFO]  | |____ ____) | |____    Problem/Feedback: Tencent QQ：1061133894
2026-01-10 12:22:01 [INFO]   \_____|_____/ \_____|
2026-01-10 12:22:01 [INFO]                        
2026-01-10 12:26:32 [INFO] CSC close completely, thanks for using!
2026-01-11 06:16:51 [INFO] CSC is loading...   Success！
2026-01-11 06:36:17 [INFO]    _____  _____  _____ 
2026-01-11 06:36:17 [INFO]   / ____|/ ____|/ ____|
2026-01-11 06:36:17 [INFO]  | |    | (___ | |        [CSC] Version: v0.21
2026-01-11 06:36:17 [INFO]  | |     \___ \| |        Minecraft Version: 1.20.1 forge
2026-01-11 06:36:17 [INFO]  | |____ ____) | |____    Problem/Feedback: Tencent QQ：1061133894
2026-01-11 06:36:17 [INFO]   \_____|_____/ \_____|
2026-01-11 06:36:17 [INFO]                        
2026-01-12 06:48:03 [INFO] CSC is loading...   Success！
2026-01-12 06:50:31 [INFO] CSC is loading...   Success！
2026-01-12 06:53:30 [INFO]    _____  _____  _____ 
2026-01-12 06:53:30 [INFO]   / ____|/ ____|/ ____|
2026-01-12 06:53:30 [INFO]  | |    | (___ | |        [CSC] Version: v0.21
2026-01-12 06:53:30 [INFO]  | |     \___ \| |        Minecraft Version: 1.20.1 forge
2026-01-12 06:53:30 [INFO]  | |____ ____) | |____    Problem/Feedback: Tencent QQ：1061133894
2026-01-12 06:53:30 [INFO]   \_____|_____/ \_____|
2026-01-12 06:53:30 [INFO]                        
2026-01-12 06:55:19 [INFO] CSC close completely, thanks for using!
2026-01-12 06:57:00 [INFO] CSC is loading...   Success！
2026-01-12 07:00:19 [INFO]    _____  _____  _____ 
2026-01-12 07:00:19 [INFO]   / ____|/ ____|/ ____|
2026-01-12 07:00:19 [INFO]  | |    | (___ | |        [CSC] Version: v0.21
2026-01-12 07:00:19 [INFO]  | |     \___ \| |        Minecraft Version: 1.20.1 forge
2026-01-12 07:00:19 [INFO]  | |____ ____) | |____    Problem/Feedback: Tencent QQ：1061133894
2026-01-12 07:00:19 [INFO]   \_____|_____/ \_____|
2026-01-12 07:00:19 [INFO]                        
2026-01-12 07:08:47 [INFO] CSC close completely, thanks for using!
2026-01-12 07:10:30 [INFO] CSC is loading...   Success！
2026-01-12 07:12:17 [INFO]    _____  _____  _____ 
2026-01-12 07:12:17 [INFO]   / ____|/ ____|/ ____|
2026-01-12 07:12:17 [INFO]  | |    | (___ | |        [CSC] Version: v0.21
2026-01-12 07:12:17 [INFO]  | |     \___ \| |        Minecraft Version: 1.20.1 forge
2026-01-12 07:12:17 [INFO]  | |____ ____) | |____    Problem/Feedback: Tencent QQ：1061133894
2026-01-12 07:12:17 [INFO]   \_____|_____/ \_____|
2026-01-12 07:12:17 [INFO]                        
2026-01-12 07:22:04 [INFO] CSC is loading...   Success！
2026-01-12 08:29:01 [INFO]    _____  _____  _____ 
2026-01-12 08:29:01 [INFO]   / ____|/ ____|/ ____|
2026-01-12 08:29:01 [INFO]  | |    | (___ | |        [CSC] Version: v0.21
2026-01-12 08:29:01 [INFO]  | |     \___ \| |        Minecraft Version: 1.20.1 forge
2026-01-12 08:29:01 [INFO]  | |____ ____) | |____    Problem/Feedback: Tencent QQ：1061133894
2026-01-12 08:29:01 [INFO]   \_____|_____/ \_____|
2026-01-12 08:29:01 [INFO]                        
2026-01-12 09:42:21 [INFO] CSC close completely, thanks for using!
2026-01-12 09:49:05 [INFO]    _____  _____  _____ 
2026-01-12 09:49:05 [INFO]   / ____|/ ____|/ ____|
2026-01-12 09:49:05 [INFO]  | |    | (___ | |        [CSC] Version: v0.21
2026-01-12 09:49:05 [INFO]  | |     \___ \| |        Minecraft Version: 1.20.1 forge
2026-01-12 09:49:05 [INFO]  | |____ ____) | |____    Problem/Feedback: Tencent QQ：1061133894
2026-01-12 09:49:05 [INFO]   \_____|_____/ \_____|
2026-01-12 09:49:05 [INFO]                        
2026-01-12 10:06:09 [INFO] CSC close completely, thanks for using!
2026-01-12 22:51:22 [INFO] CSC is loading...   Success！
2026-01-12 22:54:15 [INFO]    _____  _____  _____ 
2026-01-12 22:54:15 [INFO]   / ____|/ ____|/ ____|
2026-01-12 22:54:15 [INFO]  | |    | (___ | |        [CSC] Version: v0.21
2026-01-12 22:54:15 [INFO]  | |     \___ \| |        Minecraft Version: 1.20.1 forge
2026-01-12 22:54:15 [INFO]  | |____ ____) | |____    Problem/Feedback: Tencent QQ：1061133894
2026-01-12 22:54:15 [INFO]   \_____|_____/ \_____|
2026-01-12 22:54:15 [INFO]                        
2026-01-12 22:55:41 [INFO] CSC close completely, thanks for using!
2026-01-12 22:57:09 [INFO] CSC is loading...   Success！
2026-01-12 22:59:37 [INFO]    _____  _____  _____ 
2026-01-12 22:59:37 [INFO]   / ____|/ ____|/ ____|
2026-01-12 22:59:37 [INFO]  | |    | (___ | |        [CSC] Version: v0.21
2026-01-12 22:59:37 [INFO]  | |     \___ \| |        Minecraft Version: 1.20.1 forge
2026-01-12 22:59:37 [INFO]  | |____ ____) | |____    Problem/Feedback: Tencent QQ：1061133894
2026-01-12 22:59:37 [INFO]   \_____|_____/ \_____|
2026-01-12 22:59:37 [INFO]                        
2026-01-13 01:08:37 [INFO] CSC close completely, thanks for using!
2026-01-13 10:47:51 [INFO] CSC is loading...   Success！
2026-01-13 11:48:21 [INFO]    _____  _____  _____ 
2026-01-13 11:48:21 [INFO]   / ____|/ ____|/ ____|
2026-01-13 11:48:21 [INFO]  | |    | (___ | |        [CSC] Version: v0.21
2026-01-13 11:48:21 [INFO]  | |     \___ \| |        Minecraft Version: 1.20.1 forge
2026-01-13 11:48:21 [INFO]  | |____ ____) | |____    Problem/Feedback: Tencent QQ：1061133894
2026-01-13 11:48:21 [INFO]   \_____|_____/ \_____|
2026-01-13 11:48:21 [INFO]                        
2026-01-13 11:59:34 [INFO] CSC close completely, thanks for using!
2026-01-13 13:49:45 [INFO] CSC is loading...   Success！
2026-01-13 14:40:36 [INFO] CSC is loading...   Success！
2026-01-13 14:54:58 [INFO] CSC is loading...   Success！
2026-01-13 15:03:45 [INFO] CSC is loading...   Success！
2026-01-13 15:08:46 [INFO] CSC is loading...   Success！
2026-01-13 15:16:33 [INFO] CSC is loading...   Success！
2026-01-13 15:19:28 [INFO] CSC is loading...   Success！
2026-01-13 15:39:51 [INFO] CSC is loading...   Success！
2026-01-13 15:47:42 [INFO] CSC is loading...   Success！
2026-01-13 15:52:17 [INFO] CSC is loading...   Success！
2026-01-13 15:55:07 [INFO] CSC is loading...   Success！
2026-01-13 15:58:16 [INFO] CSC is loading...   Success！
2026-01-13 16:04:04 [INFO] CSC is loading...   Success！
2026-01-13 16:07:59 [INFO] CSC is loading...   Success！
2026-01-13 18:08:41 [INFO] CSC is loading...   Success！
2026-01-13 18:14:31 [INFO] CSC is loading...   Success！
2026-01-13 18:17:52 [INFO] CSC is loading...   Success！
2026-01-13 18:21:13 [INFO] CSC is loading...   Success！
2026-01-13 18:24:52 [INFO] CSC is loading...   Success！
2026-01-13 18:30:05 [INFO] CSC is loading...   Success！
2026-01-13 18:33:13 [INFO] CSC is loading...   Success！
2026-01-13 18:42:08 [INFO] CSC is loading...   Success！
2026-01-13 18:45:53 [INFO] CSC is loading...   Success！
2026-01-13 18:48:54 [INFO] CSC is loading...   Success！
2026-01-13 18:53:11 [INFO] CSC is loading...   Success！
2026-01-13 19:00:24 [INFO] CSC is loading...   Success！
2026-01-14 07:19:00 [INFO] CSC is loading...   Success！
2026-01-14 07:23:02 [INFO]    _____  _____  _____ 
2026-01-14 07:23:02 [INFO]   / ____|/ ____|/ ____|
2026-01-14 07:23:02 [INFO]  | |    | (___ | |        [CSC] Version: v0.21
2026-01-14 07:23:02 [INFO]  | |     \___ \| |        Minecraft Version: 1.20.1 forge
2026-01-14 07:23:02 [INFO]  | |____ ____) | |____    Problem/Feedback: Tencent QQ：1061133894
2026-01-14 07:23:02 [INFO]   \_____|_____/ \_____|
2026-01-14 07:23:02 [INFO]                        
2026-01-14 07:27:07 [INFO] CSC close completely, thanks for using!
2026-01-14 07:28:15 [INFO]    _____  _____  _____ 
2026-01-14 07:28:15 [INFO]   / ____|/ ____|/ ____|
2026-01-14 07:28:15 [INFO]  | |    | (___ | |        [CSC] Version: v0.21
2026-01-14 07:28:15 [INFO]  | |     \___ \| |        Minecraft Version: 1.20.1 forge
2026-01-14 07:28:15 [INFO]  | |____ ____) | |____    Problem/Feedback: Tencent QQ：1061133894
2026-01-14 07:28:15 [INFO]   \_____|_____/ \_____|
2026-01-14 07:28:15 [INFO]                        
2026-01-14 07:30:56 [INFO] CSC close completely, thanks for using!
2026-01-14 07:35:17 [INFO]    _____  _____  _____ 
2026-01-14 07:35:17 [INFO]   / ____|/ ____|/ ____|
2026-01-14 07:35:17 [INFO]  | |    | (___ | |        [CSC] Version: v0.21
2026-01-14 07:35:17 [INFO]  | |     \___ \| |        Minecraft Version: 1.20.1 forge
2026-01-14 07:35:17 [INFO]  | |____ ____) | |____    Problem/Feedback: Tencent QQ：1061133894
2026-01-14 07:35:17 [INFO]   \_____|_____/ \_____|
2026-01-14 07:35:17 [INFO]                        
2026-01-14 07:37:14 [INFO] CSC close completely, thanks for using!
2026-01-14 07:39:16 [INFO] CSC is loading...   Success！
2026-01-14 07:42:22 [INFO]    _____  _____  _____ 
2026-01-14 07:42:22 [INFO]   / ____|/ ____|/ ____|
2026-01-14 07:42:22 [INFO]  | |    | (___ | |        [CSC] Version: v0.21
2026-01-14 07:42:22 [INFO]  | |     \___ \| |        Minecraft Version: 1.20.1 forge
2026-01-14 07:42:22 [INFO]  | |____ ____) | |____    Problem/Feedback: Tencent QQ：1061133894
2026-01-14 07:42:22 [INFO]   \_____|_____/ \_____|
2026-01-14 07:42:22 [INFO]                        
2026-01-14 07:43:56 [INFO] CSC close completely, thanks for using!
2026-01-14 11:29:26 [INFO]    _____  _____  _____ 
2026-01-14 11:29:26 [INFO]   / ____|/ ____|/ ____|
2026-01-14 11:29:26 [INFO]  | |    | (___ | |        [CSC] Version: v0.21
2026-01-14 11:29:26 [INFO]  | |     \___ \| |        Minecraft Version: 1.20.1 forge
2026-01-14 11:29:26 [INFO]  | |____ ____) | |____    Problem/Feedback: Tencent QQ：1061133894
2026-01-14 11:29:26 [INFO]   \_____|_____/ \_____|
2026-01-14 11:29:26 [INFO]                        
2026-01-14 12:15:22 [INFO] CSC close completely, thanks for using!
2026-01-14 22:10:00 [INFO] CSC is loading...   Success！
2026-01-14 22:12:41 [INFO]    _____  _____  _____ 
2026-01-14 22:12:41 [INFO]   / ____|/ ____|/ ____|
2026-01-14 22:12:41 [INFO]  | |    | (___ | |        [CSC] Version: v0.21
2026-01-14 22:12:41 [INFO]  | |     \___ \| |        Minecraft Version: 1.20.1 forge
2026-01-14 22:12:41 [INFO]  | |____ ____) | |____    Problem/Feedback: Tencent QQ：1061133894
2026-01-14 22:12:41 [INFO]   \_____|_____/ \_____|
2026-01-14 22:12:41 [INFO]                        
2026-01-14 22:20:09 [INFO] CSC close completely, thanks for using!
2026-01-14 22:31:50 [INFO] CSC is loading...   Success！
2026-01-14 22:37:55 [INFO]    _____  _____  _____ 
2026-01-14 22:37:55 [INFO]   / ____|/ ____|/ ____|
2026-01-14 22:37:55 [INFO]  | |    | (___ | |        [CSC] Version: v0.21
2026-01-14 22:37:55 [INFO]  | |     \___ \| |        Minecraft Version: 1.20.1 forge
2026-01-14 22:37:55 [INFO]  | |____ ____) | |____    Problem/Feedback: Tencent QQ：1061133894
2026-01-14 22:37:55 [INFO]   \_____|_____/ \_____|
2026-01-14 22:37:55 [INFO]                        
2026-01-14 22:46:19 [INFO] CSC close completely, thanks for using!
2026-01-14 22:54:07 [INFO] CSC is loading...   Success！
2026-01-14 23:05:59 [INFO]    _____  _____  _____ 
2026-01-14 23:05:59 [INFO]   / ____|/ ____|/ ____|
2026-01-14 23:05:59 [INFO]  | |    | (___ | |        [CSC] Version: v0.21
2026-01-14 23:05:59 [INFO]  | |     \___ \| |        Minecraft Version: 1.20.1 forge
2026-01-14 23:05:59 [INFO]  | |____ ____) | |____    Problem/Feedback: Tencent QQ：1061133894
2026-01-14 23:05:59 [INFO]   \_____|_____/ \_____|
2026-01-14 23:05:59 [INFO]                        
2026-01-14 23:13:26 [INFO] CSC close completely, thanks for using!
2026-01-14 23:16:45 [INFO] CSC is loading...   Success！
2026-01-14 23:19:06 [INFO]    _____  _____  _____ 
2026-01-14 23:19:06 [INFO]   / ____|/ ____|/ ____|
2026-01-14 23:19:06 [INFO]  | |    | (___ | |        [CSC] Version: v0.21
2026-01-14 23:19:06 [INFO]  | |     \___ \| |        Minecraft Version: 1.20.1 forge
2026-01-14 23:19:06 [INFO]  | |____ ____) | |____    Problem/Feedback: Tencent QQ：1061133894
2026-01-14 23:19:06 [INFO]   \_____|_____/ \_____|
2026-01-14 23:19:06 [INFO]                        
2026-01-14 23:25:37 [INFO] CSC close completely, thanks for using!
2026-01-14 23:30:01 [INFO]    _____  _____  _____ 
2026-01-14 23:30:01 [INFO]   / ____|/ ____|/ ____|
2026-01-14 23:30:01 [INFO]  | |    | (___ | |        [CSC] Version: v0.21
2026-01-14 23:30:01 [INFO]  | |     \___ \| |        Minecraft Version: 1.20.1 forge
2026-01-14 23:30:01 [INFO]  | |____ ____) | |____    Problem/Feedback: Tencent QQ：1061133894
2026-01-14 23:30:01 [INFO]   \_____|_____/ \_____|
2026-01-14 23:30:01 [INFO]                        
2026-01-14 23:41:52 [INFO] CSC is loading...   Success！
2026-01-14 23:43:47 [INFO]    _____  _____  _____ 
2026-01-14 23:43:47 [INFO]   / ____|/ ____|/ ____|
2026-01-14 23:43:47 [INFO]  | |    | (___ | |        [CSC] Version: v0.21
2026-01-14 23:43:47 [INFO]  | |     \___ \| |        Minecraft Version: 1.20.1 forge
2026-01-14 23:43:47 [INFO]  | |____ ____) | |____    Problem/Feedback: Tencent QQ：1061133894
2026-01-14 23:43:47 [INFO]   \_____|_____/ \_____|
2026-01-14 23:43:47 [INFO]                        
2026-01-15 00:05:08 [INFO] CSC close completely, thanks for using!
2026-01-15 08:56:23 [INFO] CSC is loading...   Success！
2026-01-15 09:03:00 [INFO]    _____  _____  _____ 
2026-01-15 09:03:00 [INFO]   / ____|/ ____|/ ____|
2026-01-15 09:03:00 [INFO]  | |    | (___ | |        [CSC] Version: v0.21
2026-01-15 09:03:00 [INFO]  | |     \___ \| |        Minecraft Version: 1.20.1 forge
2026-01-15 09:03:00 [INFO]  | |____ ____) | |____    Problem/Feedback: Tencent QQ：1061133894
2026-01-15 09:03:00 [INFO]   \_____|_____/ \_____|
2026-01-15 09:03:00 [INFO]                        
2026-01-15 09:07:00 [INFO] CSC close completely, thanks for using!
2026-01-15 09:55:25 [INFO] CSC is loading...   Success！
2026-01-15 10:00:37 [INFO]    _____  _____  _____ 
2026-01-15 10:00:37 [INFO]   / ____|/ ____|/ ____|
2026-01-15 10:00:37 [INFO]  | |    | (___ | |        [CSC] Version: v0.21
2026-01-15 10:00:37 [INFO]  | |     \___ \| |        Minecraft Version: 1.20.1 forge
2026-01-15 10:00:37 [INFO]  | |____ ____) | |____    Problem/Feedback: Tencent QQ：1061133894
2026-01-15 10:00:37 [INFO]   \_____|_____/ \_____|
2026-01-15 10:00:37 [INFO]                        
2026-01-15 10:34:20 [INFO] CSC close completely, thanks for using!
2026-01-15 10:49:32 [INFO] CSC is loading...   Success！
2026-01-15 10:52:16 [INFO]    _____  _____  _____ 
2026-01-15 10:52:16 [INFO]   / ____|/ ____|/ ____|
2026-01-15 10:52:16 [INFO]  | |    | (___ | |        [CSC] Version: v0.21
2026-01-15 10:52:16 [INFO]  | |     \___ \| |        Minecraft Version: 1.20.1 forge
2026-01-15 10:52:16 [INFO]  | |____ ____) | |____    Problem/Feedback: Tencent QQ：1061133894
2026-01-15 10:52:16 [INFO]   \_____|_____/ \_____|
2026-01-15 10:52:16 [INFO]                        
2026-01-15 10:55:05 [INFO] CSC close completely, thanks for using!
2026-01-15 10:55:52 [INFO]    _____  _____  _____ 
2026-01-15 10:55:52 [INFO]   / ____|/ ____|/ ____|
2026-01-15 10:55:52 [INFO]  | |    | (___ | |        [CSC] Version: v0.21
2026-01-15 10:55:52 [INFO]  | |     \___ \| |        Minecraft Version: 1.20.1 forge
2026-01-15 10:55:52 [INFO]  | |____ ____) | |____    Problem/Feedback: Tencent QQ：1061133894
2026-01-15 10:55:52 [INFO]   \_____|_____/ \_____|
2026-01-15 10:55:52 [INFO]                        
2026-01-15 16:11:07 [INFO] CSC close completely, thanks for using!
2026-01-16 19:11:44 [INFO] CSC is loading...   Success！
2026-01-16 19:15:06 [INFO]    _____  _____  _____ 
2026-01-16 19:15:06 [INFO]   / ____|/ ____|/ ____|
2026-01-16 19:15:06 [INFO]  | |    | (___ | |        [CSC] Version: v0.21
2026-01-16 19:15:06 [INFO]  | |     \___ \| |        Minecraft Version: 1.20.1 forge
2026-01-16 19:15:06 [INFO]  | |____ ____) | |____    Problem/Feedback: Tencent QQ：1061133894
2026-01-16 19:15:06 [INFO]   \_____|_____/ \_____|
2026-01-16 19:15:06 [INFO]                        
2026-01-16 19:17:58 [INFO] CSC is loading...   Success！
2026-01-16 19:20:43 [INFO]    _____  _____  _____ 
2026-01-16 19:20:43 [INFO]   / ____|/ ____|/ ____|
2026-01-16 19:20:43 [INFO]  | |    | (___ | |        [CSC] Version: v0.21
2026-01-16 19:20:43 [INFO]  | |     \___ \| |        Minecraft Version: 1.20.1 forge
2026-01-16 19:20:43 [INFO]  | |____ ____) | |____    Problem/Feedback: Tencent QQ：1061133894
2026-01-16 19:20:43 [INFO]   \_____|_____/ \_____|
2026-01-16 19:20:43 [INFO]                        
2026-01-16 19:25:23 [INFO] CSC close completely, thanks for using!
2026-01-16 19:26:43 [INFO]    _____  _____  _____ 
2026-01-16 19:26:43 [INFO]   / ____|/ ____|/ ____|
2026-01-16 19:26:43 [INFO]  | |    | (___ | |        [CSC] Version: v0.21
2026-01-16 19:26:43 [INFO]  | |     \___ \| |        Minecraft Version: 1.20.1 forge
2026-01-16 19:26:43 [INFO]  | |____ ____) | |____    Problem/Feedback: Tencent QQ：1061133894
2026-01-16 19:26:43 [INFO]   \_____|_____/ \_____|
2026-01-16 19:26:43 [INFO]                        
2026-01-16 19:28:42 [INFO] CSC close completely, thanks for using!
2026-01-16 19:30:17 [INFO]    _____  _____  _____ 
2026-01-16 19:30:17 [INFO]   / ____|/ ____|/ ____|
2026-01-16 19:30:17 [INFO]  | |    | (___ | |        [CSC] Version: v0.21
2026-01-16 19:30:17 [INFO]  | |     \___ \| |        Minecraft Version: 1.20.1 forge
2026-01-16 19:30:17 [INFO]  | |____ ____) | |____    Problem/Feedback: Tencent QQ：1061133894
2026-01-16 19:30:17 [INFO]   \_____|_____/ \_____|
2026-01-16 19:30:17 [INFO]                        
2026-01-16 19:42:05 [INFO] CSC close completely, thanks for using!
2026-01-17 12:31:43 [INFO] CSC is loading...   Success！
2026-01-17 12:33:38 [INFO]    _____  _____  _____ 
2026-01-17 12:33:38 [INFO]   / ____|/ ____|/ ____|
2026-01-17 12:33:38 [INFO]  | |    | (___ | |        [CSC] Version: v0.21
2026-01-17 12:33:38 [INFO]  | |     \___ \| |        Minecraft Version: 1.20.1 forge
2026-01-17 12:33:38 [INFO]  | |____ ____) | |____    Problem/Feedback: Tencent QQ：1061133894
2026-01-17 12:33:38 [INFO]   \_____|_____/ \_____|
2026-01-17 12:33:38 [INFO]                        
2026-01-17 12:35:54 [INFO] CSC close completely, thanks for using!
2026-01-18 17:32:17 [INFO] CSC is loading...   Success！
2026-01-18 17:37:40 [INFO]    _____  _____  _____ 
2026-01-18 17:37:40 [INFO]   / ____|/ ____|/ ____|
2026-01-18 17:37:40 [INFO]  | |    | (___ | |        [CSC] Version: v0.21
2026-01-18 17:37:40 [INFO]  | |     \___ \| |        Minecraft Version: 1.20.1 forge
2026-01-18 17:37:40 [INFO]  | |____ ____) | |____    Problem/Feedback: Tencent QQ：1061133894
2026-01-18 17:37:40 [INFO]   \_____|_____/ \_____|
2026-01-18 17:37:40 [INFO]                        
2026-01-18 17:52:08 [INFO] CSC close completely, thanks for using!
2026-01-18 17:53:37 [INFO] CSC is loading...   Success！
2026-01-18 17:55:24 [INFO]    _____  _____  _____ 
2026-01-18 17:55:24 [INFO]   / ____|/ ____|/ ____|
2026-01-18 17:55:24 [INFO]  | |    | (___ | |        [CSC] Version: v0.21
2026-01-18 17:55:24 [INFO]  | |     \___ \| |        Minecraft Version: 1.20.1 forge
2026-01-18 17:55:24 [INFO]  | |____ ____) | |____    Problem/Feedback: Tencent QQ：1061133894
2026-01-18 17:55:24 [INFO]   \_____|_____/ \_____|
2026-01-18 17:55:24 [INFO]                        
2026-01-18 18:11:42 [INFO] CSC close completely, thanks for using!
2026-01-18 20:09:10 [INFO]    _____  _____  _____ 
2026-01-18 20:09:10 [INFO]   / ____|/ ____|/ ____|
2026-01-18 20:09:10 [INFO]  | |    | (___ | |        [CSC] Version: v0.21
2026-01-18 20:09:10 [INFO]  | |     \___ \| |        Minecraft Version: 1.20.1 forge
2026-01-18 20:09:10 [INFO]  | |____ ____) | |____    Problem/Feedback: Tencent QQ：1061133894
2026-01-18 20:09:10 [INFO]   \_____|_____/ \_____|
2026-01-18 20:09:10 [INFO]                        
2026-01-18 20:41:22 [INFO] CSC close completely, thanks for using!
2026-01-18 20:43:32 [INFO] CSC is loading...   Success！
2026-01-18 20:45:49 [INFO]    _____  _____  _____ 
2026-01-18 20:45:49 [INFO]   / ____|/ ____|/ ____|
2026-01-18 20:45:49 [INFO]  | |    | (___ | |        [CSC] Version: v0.21
2026-01-18 20:45:49 [INFO]  | |     \___ \| |        Minecraft Version: 1.20.1 forge
2026-01-18 20:45:49 [INFO]  | |____ ____) | |____    Problem/Feedback: Tencent QQ：1061133894
2026-01-18 20:45:49 [INFO]   \_____|_____/ \_____|
2026-01-18 20:45:49 [INFO]                        
2026-01-18 20:47:52 [INFO] CSC close completely, thanks for using!
2026-01-18 20:52:24 [INFO] CSC is loading...   Success！
2026-01-18 20:56:25 [INFO]    _____  _____  _____ 
2026-01-18 20:56:25 [INFO]   / ____|/ ____|/ ____|
2026-01-18 20:56:25 [INFO]  | |    | (___ | |        [CSC] Version: v0.21
2026-01-18 20:56:25 [INFO]  | |     \___ \| |        Minecraft Version: 1.20.1 forge
2026-01-18 20:56:25 [INFO]  | |____ ____) | |____    Problem/Feedback: Tencent QQ：1061133894
2026-01-18 20:56:25 [INFO]   \_____|_____/ \_____|
2026-01-18 20:56:25 [INFO]                        
2026-01-18 20:59:05 [INFO] CSC close completely, thanks for using!
2026-01-18 21:01:59 [INFO]    _____  _____  _____ 
2026-01-18 21:01:59 [INFO]   / ____|/ ____|/ ____|
2026-01-18 21:01:59 [INFO]  | |    | (___ | |        [CSC] Version: v0.21
2026-01-18 21:01:59 [INFO]  | |     \___ \| |        Minecraft Version: 1.20.1 forge
2026-01-18 21:01:59 [INFO]  | |____ ____) | |____    Problem/Feedback: Tencent QQ：1061133894
2026-01-18 21:01:59 [INFO]   \_____|_____/ \_____|
2026-01-18 21:01:59 [INFO]                        
2026-01-18 21:03:35 [INFO] CSC close completely, thanks for using!
2026-01-18 21:05:59 [INFO] CSC is loading...   Success！
2026-01-18 21:51:56 [INFO] CSC is loading...   Success！
2026-01-18 22:22:28 [INFO]    _____  _____  _____ 
2026-01-18 22:22:28 [INFO]   / ____|/ ____|/ ____|
2026-01-18 22:22:28 [INFO]  | |    | (___ | |        [CSC] Version: v0.21
2026-01-18 22:22:28 [INFO]  | |     \___ \| |        Minecraft Version: 1.20.1 forge
2026-01-18 22:22:28 [INFO]  | |____ ____) | |____    Problem/Feedback: Tencent QQ：1061133894
2026-01-18 22:22:28 [INFO]   \_____|_____/ \_____|
2026-01-18 22:22:28 [INFO]                        
2026-01-19 00:09:51 [INFO] CSC close completely, thanks for using!
2026-01-19 22:46:43 [INFO] CSC is loading...   Success！
2026-01-19 22:50:28 [INFO] CSC is loading...   Success！
2026-01-19 22:54:28 [INFO] CSC is loading...   Success！
2026-01-19 22:56:58 [INFO] CSC is loading...   Success！
2026-01-19 23:08:39 [INFO] CSC is loading...   Success！
2026-01-19 23:10:17 [INFO]    _____  _____  _____ 
2026-01-19 23:10:17 [INFO]   / ____|/ ____|/ ____|
2026-01-19 23:10:17 [INFO]  | |    | (___ | |        [CSC] Version: v0.21
2026-01-19 23:10:17 [INFO]  | |     \___ \| |        Minecraft Version: 1.20.1 forge
2026-01-19 23:10:17 [INFO]  | |____ ____) | |____    Problem/Feedback: Tencent QQ：1061133894
2026-01-19 23:10:17 [INFO]   \_____|_____/ \_____|
2026-01-19 23:10:17 [INFO]                        
2026-01-19 23:13:27 [INFO] CSC is loading...   Success！
2026-01-19 23:16:52 [INFO]    _____  _____  _____ 
2026-01-19 23:16:52 [INFO]   / ____|/ ____|/ ____|
2026-01-19 23:16:52 [INFO]  | |    | (___ | |        [CSC] Version: v0.21
2026-01-19 23:16:52 [INFO]  | |     \___ \| |        Minecraft Version: 1.20.1 forge
2026-01-19 23:16:52 [INFO]  | |____ ____) | |____    Problem/Feedback: Tencent QQ：1061133894
2026-01-19 23:16:52 [INFO]   \_____|_____/ \_____|
2026-01-19 23:16:52 [INFO]                        
2026-01-19 23:32:34 [INFO] CSC close completely, thanks for using!
2026-01-19 23:34:06 [INFO] CSC is loading...   Success！
2026-01-19 23:36:53 [INFO]    _____  _____  _____ 
2026-01-19 23:36:53 [INFO]   / ____|/ ____|/ ____|
2026-01-19 23:36:53 [INFO]  | |    | (___ | |        [CSC] Version: v0.21
2026-01-19 23:36:53 [INFO]  | |     \___ \| |        Minecraft Version: 1.20.1 forge
2026-01-19 23:36:53 [INFO]  | |____ ____) | |____    Problem/Feedback: Tencent QQ：1061133894
2026-01-19 23:36:53 [INFO]   \_____|_____/ \_____|
2026-01-19 23:36:53 [INFO]                        
2026-01-19 23:39:34 [INFO] CSC close completely, thanks for using!
2026-01-19 23:41:27 [INFO]    _____  _____  _____ 
2026-01-19 23:41:27 [INFO]   / ____|/ ____|/ ____|
2026-01-19 23:41:27 [INFO]  | |    | (___ | |        [CSC] Version: v0.21
2026-01-19 23:41:27 [INFO]  | |     \___ \| |        Minecraft Version: 1.20.1 forge
2026-01-19 23:41:27 [INFO]  | |____ ____) | |____    Problem/Feedback: Tencent QQ：1061133894
2026-01-19 23:41:27 [INFO]   \_____|_____/ \_____|
2026-01-19 23:41:27 [INFO]                        
2026-01-19 23:50:14 [INFO] CSC close completely, thanks for using!
2026-01-19 23:51:47 [INFO]    _____  _____  _____ 
2026-01-19 23:51:47 [INFO]   / ____|/ ____|/ ____|
2026-01-19 23:51:47 [INFO]  | |    | (___ | |        [CSC] Version: v0.21
2026-01-19 23:51:47 [INFO]  | |     \___ \| |        Minecraft Version: 1.20.1 forge
2026-01-19 23:51:47 [INFO]  | |____ ____) | |____    Problem/Feedback: Tencent QQ：1061133894
2026-01-19 23:51:47 [INFO]   \_____|_____/ \_____|
2026-01-19 23:51:47 [INFO]                        
2026-01-20 00:06:20 [INFO] CSC is loading...   Success！
2026-01-20 17:45:57 [INFO] CSC is loading...   Success！
2026-01-20 17:48:20 [INFO]    _____  _____  _____ 
2026-01-20 17:48:20 [INFO]   / ____|/ ____|/ ____|
2026-01-20 17:48:20 [INFO]  | |    | (___ | |        [CSC] Version: v0.21
2026-01-20 17:48:20 [INFO]  | |     \___ \| |        Minecraft Version: 1.20.1 forge
2026-01-20 17:48:20 [INFO]  | |____ ____) | |____    Problem/Feedback: Tencent QQ：1061133894
2026-01-20 17:48:20 [INFO]   \_____|_____/ \_____|
2026-01-20 17:48:20 [INFO]                        
2026-01-20 19:03:02 [INFO] CSC close completely, thanks for using!
2026-01-20 19:04:46 [INFO] CSC is loading...   Success！
2026-01-20 19:07:55 [INFO]    _____  _____  _____ 
2026-01-20 19:07:55 [INFO]   / ____|/ ____|/ ____|
2026-01-20 19:07:55 [INFO]  | |    | (___ | |        [CSC] Version: v0.21
2026-01-20 19:07:55 [INFO]  | |     \___ \| |        Minecraft Version: 1.20.1 forge
2026-01-20 19:07:55 [INFO]  | |____ ____) | |____    Problem/Feedback: Tencent QQ：1061133894
2026-01-20 19:07:55 [INFO]   \_____|_____/ \_____|
2026-01-20 19:07:55 [INFO]                        
2026-01-20 19:14:42 [INFO] CSC close completely, thanks for using!
2026-01-20 20:02:30 [INFO] CSC is loading...   Success！
2026-01-20 20:09:18 [INFO]    _____  _____  _____ 
2026-01-20 20:09:18 [INFO]   / ____|/ ____|/ ____|
2026-01-20 20:09:18 [INFO]  | |    | (___ | |        [CSC] Version: v0.21
2026-01-20 20:09:18 [INFO]  | |     \___ \| |        Minecraft Version: 1.20.1 forge
2026-01-20 20:09:18 [INFO]  | |____ ____) | |____    Problem/Feedback: Tencent QQ：1061133894
2026-01-20 20:09:18 [INFO]   \_____|_____/ \_____|
2026-01-20 20:09:18 [INFO]                        
2026-01-20 20:12:05 [INFO] CSC close completely, thanks for using!
2026-01-20 20:15:37 [INFO] CSC is loading...   Success！
2026-01-20 20:21:21 [INFO]    _____  _____  _____ 
2026-01-20 20:21:21 [INFO]   / ____|/ ____|/ ____|
2026-01-20 20:21:21 [INFO]  | |    | (___ | |        [CSC] Version: v0.21
2026-01-20 20:21:21 [INFO]  | |     \___ \| |        Minecraft Version: 1.20.1 forge
2026-01-20 20:21:21 [INFO]  | |____ ____) | |____    Problem/Feedback: Tencent QQ：1061133894
2026-01-20 20:21:21 [INFO]   \_____|_____/ \_____|
2026-01-20 20:21:21 [INFO]                        
2026-01-20 20:25:06 [INFO] CSC close completely, thanks for using!
2026-01-20 20:25:41 [INFO]    _____  _____  _____ 
2026-01-20 20:25:41 [INFO]   / ____|/ ____|/ ____|
2026-01-20 20:25:41 [INFO]  | |    | (___ | |        [CSC] Version: v0.21
2026-01-20 20:25:41 [INFO]  | |     \___ \| |        Minecraft Version: 1.20.1 forge
2026-01-20 20:25:41 [INFO]  | |____ ____) | |____    Problem/Feedback: Tencent QQ：1061133894
2026-01-20 20:25:41 [INFO]   \_____|_____/ \_____|
2026-01-20 20:25:41 [INFO]                        
2026-01-21 10:27:30 [INFO] CSC is loading...   Success！
2026-01-21 14:30:57 [INFO]    _____  _____  _____ 
2026-01-21 14:30:57 [INFO]   / ____|/ ____|/ ____|
2026-01-21 14:30:57 [INFO]  | |    | (___ | |        [CSC] Version: v0.21
2026-01-21 14:30:57 [INFO]  | |     \___ \| |        Minecraft Version: 1.20.1 forge
2026-01-21 14:30:57 [INFO]  | |____ ____) | |____    Problem/Feedback: Tencent QQ：1061133894
2026-01-21 14:30:57 [INFO]   \_____|_____/ \_____|
2026-01-21 14:30:57 [INFO]                        
2026-01-21 14:43:05 [INFO] CSC close completely, thanks for using!
2026-01-21 15:52:15 [INFO] CSC is loading...   Success！
2026-01-21 16:15:50 [INFO] CSC is loading...   Success！
2026-01-21 17:25:10 [INFO] CSC is loading...   Success！
2026-01-21 17:26:55 [INFO]    _____  _____  _____ 
2026-01-21 17:26:55 [INFO]   / ____|/ ____|/ ____|
2026-01-21 17:26:55 [INFO]  | |    | (___ | |        [CSC] Version: v0.21
2026-01-21 17:26:55 [INFO]  | |     \___ \| |        Minecraft Version: 1.20.1 forge
2026-01-21 17:26:55 [INFO]  | |____ ____) | |____    Problem/Feedback: Tencent QQ：1061133894
2026-01-21 17:26:55 [INFO]   \_____|_____/ \_____|
2026-01-21 17:26:55 [INFO]                        
2026-01-21 17:29:32 [INFO] CSC close completely, thanks for using!
2026-01-21 20:26:33 [INFO] CSC is loading...   Success！
2026-01-21 20:33:26 [INFO]    _____  _____  _____ 
2026-01-21 20:33:26 [INFO]   / ____|/ ____|/ ____|
2026-01-21 20:33:26 [INFO]  | |    | (___ | |        [CSC] Version: v0.21
2026-01-21 20:33:26 [INFO]  | |     \___ \| |        Minecraft Version: 1.20.1 forge
2026-01-21 20:33:26 [INFO]  | |____ ____) | |____    Problem/Feedback: Tencent QQ：1061133894
2026-01-21 20:33:26 [INFO]   \_____|_____/ \_____|
2026-01-21 20:33:26 [INFO]                        
2026-01-21 22:31:10 [INFO] CSC close completely, thanks for using!
2026-01-21 22:32:45 [INFO]    _____  _____  _____ 
2026-01-21 22:32:45 [INFO]   / ____|/ ____|/ ____|
2026-01-21 22:32:45 [INFO]  | |    | (___ | |        [CSC] Version: v0.21
2026-01-21 22:32:45 [INFO]  | |     \___ \| |        Minecraft Version: 1.20.1 forge
2026-01-21 22:32:45 [INFO]  | |____ ____) | |____    Problem/Feedback: Tencent QQ：1061133894
2026-01-21 22:32:45 [INFO]   \_____|_____/ \_____|
2026-01-21 22:32:45 [INFO]                        
2026-01-21 22:51:35 [INFO] CSC is loading...   Success！
2026-01-21 22:53:01 [INFO]    _____  _____  _____ 
2026-01-21 22:53:01 [INFO]   / ____|/ ____|/ ____|
2026-01-21 22:53:01 [INFO]  | |    | (___ | |        [CSC] Version: v0.21
2026-01-21 22:53:01 [INFO]  | |     \___ \| |        Minecraft Version: 1.20.1 forge
2026-01-21 22:53:01 [INFO]  | |____ ____) | |____    Problem/Feedback: Tencent QQ：1061133894
2026-01-21 22:53:01 [INFO]   \_____|_____/ \_____|
2026-01-21 22:53:01 [INFO]                        
2026-01-21 22:54:41 [INFO] CSC close completely, thanks for using!
2026-01-22 22:47:25 [INFO] CSC is loading...   Success！
2026-01-22 22:54:07 [INFO]    _____  _____  _____ 
2026-01-22 22:54:07 [INFO]   / ____|/ ____|/ ____|
2026-01-22 22:54:07 [INFO]  | |    | (___ | |        [CSC] Version: v0.21
2026-01-22 22:54:07 [INFO]  | |     \___ \| |        Minecraft Version: 1.20.1 forge
2026-01-22 22:54:07 [INFO]  | |____ ____) | |____    Problem/Feedback: Tencent QQ：1061133894
2026-01-22 22:54:07 [INFO]   \_____|_____/ \_____|
2026-01-22 22:54:07 [INFO]                        
2026-01-22 23:52:19 [INFO] CSC close completely, thanks for using!
2026-01-23 11:29:47 [INFO] CSC is loading...   Success！
2026-01-23 11:36:40 [INFO]    _____  _____  _____ 
2026-01-23 11:36:40 [INFO]   / ____|/ ____|/ ____|
2026-01-23 11:36:40 [INFO]  | |    | (___ | |        [CSC] Version: v0.21
2026-01-23 11:36:40 [INFO]  | |     \___ \| |        Minecraft Version: 1.20.1 forge
2026-01-23 11:36:40 [INFO]  | |____ ____) | |____    Problem/Feedback: Tencent QQ：1061133894
2026-01-23 11:36:40 [INFO]   \_____|_____/ \_____|
2026-01-23 11:36:40 [INFO]                        
2026-01-23 12:08:31 [INFO] CSC close completely, thanks for using!
2026-01-23 12:20:25 [INFO] CSC is loading...   Success！
2026-01-23 12:59:13 [INFO]    _____  _____  _____ 
2026-01-23 12:59:13 [INFO]   / ____|/ ____|/ ____|
2026-01-23 12:59:13 [INFO]  | |    | (___ | |        [CSC] Version: v0.21
2026-01-23 12:59:13 [INFO]  | |     \___ \| |        Minecraft Version: 1.20.1 forge
2026-01-23 12:59:13 [INFO]  | |____ ____) | |____    Problem/Feedback: Tencent QQ：1061133894
2026-01-23 12:59:13 [INFO]   \_____|_____/ \_____|
2026-01-23 12:59:13 [INFO]                        
2026-01-23 13:00:36 [INFO] CSC close completely, thanks for using!
2026-01-23 15:27:00 [INFO] CSC is loading...   Success！
2026-01-23 15:53:20 [INFO]    _____  _____  _____ 
2026-01-23 15:53:20 [INFO]   / ____|/ ____|/ ____|
2026-01-23 15:53:20 [INFO]  | |    | (___ | |        [CSC] Version: v0.21
2026-01-23 15:53:20 [INFO]  | |     \___ \| |        Minecraft Version: 1.20.1 forge
2026-01-23 15:53:20 [INFO]  | |____ ____) | |____    Problem/Feedback: Tencent QQ：1061133894
2026-01-23 15:53:20 [INFO]   \_____|_____/ \_____|
2026-01-23 15:53:20 [INFO]                        
2026-01-23 15:58:06 [INFO] CSC close completely, thanks for using!
2026-01-23 16:00:10 [INFO]    _____  _____  _____ 
2026-01-23 16:00:10 [INFO]   / ____|/ ____|/ ____|
2026-01-23 16:00:10 [INFO]  | |    | (___ | |        [CSC] Version: v0.21
2026-01-23 16:00:10 [INFO]  | |     \___ \| |        Minecraft Version: 1.20.1 forge
2026-01-23 16:00:10 [INFO]  | |____ ____) | |____    Problem/Feedback: Tencent QQ：1061133894
2026-01-23 16:00:10 [INFO]   \_____|_____/ \_____|
2026-01-23 16:00:10 [INFO]                        
2026-01-23 16:26:07 [INFO] CSC close completely, thanks for using!
2026-01-23 16:28:32 [INFO]    _____  _____  _____ 
2026-01-23 16:28:32 [INFO]   / ____|/ ____|/ ____|
2026-01-23 16:28:32 [INFO]  | |    | (___ | |        [CSC] Version: v0.21
2026-01-23 16:28:32 [INFO]  | |     \___ \| |        Minecraft Version: 1.20.1 forge
2026-01-23 16:28:32 [INFO]  | |____ ____) | |____    Problem/Feedback: Tencent QQ：1061133894
2026-01-23 16:28:32 [INFO]   \_____|_____/ \_____|
2026-01-23 16:28:32 [INFO]                        
2026-01-23 16:48:22 [INFO] CSC close completely, thanks for using!
2026-01-23 18:23:28 [INFO] CSC is loading...   Success！
2026-01-23 18:29:24 [INFO]    _____  _____  _____ 
2026-01-23 18:29:24 [INFO]   / ____|/ ____|/ ____|
2026-01-23 18:29:24 [INFO]  | |    | (___ | |        [CSC] Version: v0.21
2026-01-23 18:29:24 [INFO]  | |     \___ \| |        Minecraft Version: 1.20.1 forge
2026-01-23 18:29:24 [INFO]  | |____ ____) | |____    Problem/Feedback: Tencent QQ：1061133894
2026-01-23 18:29:24 [INFO]   \_____|_____/ \_____|
2026-01-23 18:29:24 [INFO]                        
2026-01-23 18:36:04 [INFO] CSC close completely, thanks for using!
2026-01-23 19:27:48 [INFO] CSC is loading...   Success！
2026-01-23 19:32:25 [INFO]    _____  _____  _____ 
2026-01-23 19:32:25 [INFO]   / ____|/ ____|/ ____|
2026-01-23 19:32:25 [INFO]  | |    | (___ | |        [CSC] Version: v0.21
2026-01-23 19:32:25 [INFO]  | |     \___ \| |        Minecraft Version: 1.20.1 forge
2026-01-23 19:32:25 [INFO]  | |____ ____) | |____    Problem/Feedback: Tencent QQ：1061133894
2026-01-23 19:32:25 [INFO]   \_____|_____/ \_____|
2026-01-23 19:32:25 [INFO]                        
2026-01-23 19:36:04 [INFO] CSC close completely, thanks for using!
2026-01-25 16:15:29 [INFO] CSC is loading...   Success！
2026-01-25 16:38:15 [INFO] CSC is loading...   Success！
2026-01-25 19:44:00 [INFO] CSC is loading...   Success！
2026-01-25 19:46:04 [INFO]    _____  _____  _____ 
2026-01-25 19:46:04 [INFO]   / ____|/ ____|/ ____|
2026-01-25 19:46:04 [INFO]  | |    | (___ | |        [CSC] Version: v0.21
2026-01-25 19:46:04 [INFO]  | |     \___ \| |        Minecraft Version: 1.20.1 forge
2026-01-25 19:46:04 [INFO]  | |____ ____) | |____    Problem/Feedback: Tencent QQ：1061133894
2026-01-25 19:46:04 [INFO]   \_____|_____/ \_____|
2026-01-25 19:46:04 [INFO]                        
2026-01-25 23:51:51 [INFO] CSC close completely, thanks for using!
2026-01-26 22:58:47 [INFO] CSC is loading...   Success！
2026-01-26 23:00:48 [INFO]    _____  _____  _____ 
2026-01-26 23:00:48 [INFO]   / ____|/ ____|/ ____|
2026-01-26 23:00:48 [INFO]  | |    | (___ | |        [CSC] Version: v0.21
2026-01-26 23:00:48 [INFO]  | |     \___ \| |        Minecraft Version: 1.20.1 forge
2026-01-26 23:00:48 [INFO]  | |____ ____) | |____    Problem/Feedback: Tencent QQ：1061133894
2026-01-26 23:00:48 [INFO]   \_____|_____/ \_____|
2026-01-26 23:00:48 [INFO]                        
2026-01-26 23:12:04 [INFO] CSC close completely, thanks for using!
2026-01-26 23:36:10 [INFO]    _____  _____  _____ 
2026-01-26 23:36:10 [INFO]   / ____|/ ____|/ ____|
2026-01-26 23:36:10 [INFO]  | |    | (___ | |        [CSC] Version: v0.21
2026-01-26 23:36:10 [INFO]  | |     \___ \| |        Minecraft Version: 1.20.1 forge
2026-01-26 23:36:10 [INFO]  | |____ ____) | |____    Problem/Feedback: Tencent QQ：1061133894
2026-01-26 23:36:10 [INFO]   \_____|_____/ \_____|
2026-01-26 23:36:10 [INFO]                        
2026-01-26 23:48:20 [INFO] CSC is loading...   Success！
2026-01-26 23:58:38 [INFO]    _____  _____  _____ 
2026-01-26 23:58:38 [INFO]   / ____|/ ____|/ ____|
2026-01-26 23:58:38 [INFO]  | |    | (___ | |        [CSC] Version: v0.21
2026-01-26 23:58:38 [INFO]  | |     \___ \| |        Minecraft Version: 1.20.1 forge
2026-01-26 23:58:38 [INFO]  | |____ ____) | |____    Problem/Feedback: Tencent QQ：1061133894
2026-01-26 23:58:38 [INFO]   \_____|_____/ \_____|
2026-01-26 23:58:38 [INFO]                        
2026-01-27 00:01:18 [INFO] CSC close completely, thanks for using!
2026-01-27 10:37:22 [INFO] CSC is loading...   Success！
2026-01-27 10:39:30 [INFO] CSC is loading...   Success！
2026-01-27 10:51:35 [INFO]    _____  _____  _____ 
2026-01-27 10:51:35 [INFO]   / ____|/ ____|/ ____|
2026-01-27 10:51:35 [INFO]  | |    | (___ | |        [CSC] Version: v0.21
2026-01-27 10:51:35 [INFO]  | |     \___ \| |        Minecraft Version: 1.20.1 forge
2026-01-27 10:51:35 [INFO]  | |____ ____) | |____    Problem/Feedback: Tencent QQ：1061133894
2026-01-27 10:51:35 [INFO]   \_____|_____/ \_____|
2026-01-27 10:51:35 [INFO]                        
2026-01-27 10:55:55 [INFO] CSC close completely, thanks for using!
2026-01-27 11:01:07 [INFO] CSC is loading...   Success！
2026-01-27 11:05:27 [INFO]    _____  _____  _____ 
2026-01-27 11:05:27 [INFO]   / ____|/ ____|/ ____|
2026-01-27 11:05:27 [INFO]  | |    | (___ | |        [CSC] Version: v0.21
2026-01-27 11:05:27 [INFO]  | |     \___ \| |        Minecraft Version: 1.20.1 forge
2026-01-27 11:05:27 [INFO]  | |____ ____) | |____    Problem/Feedback: Tencent QQ：1061133894
2026-01-27 11:05:27 [INFO]   \_____|_____/ \_____|
2026-01-27 11:05:27 [INFO]                        
2026-01-27 11:29:29 [INFO] CSC close completely, thanks for using!
2026-01-27 11:31:05 [INFO] CSC is loading...   Success！
2026-01-27 11:34:08 [INFO]    _____  _____  _____ 
2026-01-27 11:34:08 [INFO]   / ____|/ ____|/ ____|
2026-01-27 11:34:08 [INFO]  | |    | (___ | |        [CSC] Version: v0.21
2026-01-27 11:34:08 [INFO]  | |     \___ \| |        Minecraft Version: 1.20.1 forge
2026-01-27 11:34:08 [INFO]  | |____ ____) | |____    Problem/Feedback: Tencent QQ：1061133894
2026-01-27 11:34:08 [INFO]   \_____|_____/ \_____|
2026-01-27 11:34:08 [INFO]                        
2026-01-27 13:51:24 [INFO] CSC close completely, thanks for using!
2026-01-27 15:42:56 [INFO]    _____  _____  _____ 
2026-01-27 15:42:56 [INFO]   / ____|/ ____|/ ____|
2026-01-27 15:42:56 [INFO]  | |    | (___ | |        [CSC] Version: v0.21
2026-01-27 15:42:56 [INFO]  | |     \___ \| |        Minecraft Version: 1.20.1 forge
2026-01-27 15:42:56 [INFO]  | |____ ____) | |____    Problem/Feedback: Tencent QQ：1061133894
2026-01-27 15:42:56 [INFO]   \_____|_____/ \_____|
2026-01-27 15:42:56 [INFO]                        
2026-01-27 16:00:46 [INFO] CSC close completely, thanks for using!
2026-01-28 22:31:07 [INFO] CSC is loading...   Success！
2026-01-28 22:56:07 [INFO]    _____  _____  _____ 
2026-01-28 22:56:07 [INFO]   / ____|/ ____|/ ____|
2026-01-28 22:56:07 [INFO]  | |    | (___ | |        [CSC] Version: v0.21
2026-01-28 22:56:07 [INFO]  | |     \___ \| |        Minecraft Version: 1.20.1 forge
2026-01-28 22:56:07 [INFO]  | |____ ____) | |____    Problem/Feedback: Tencent QQ：1061133894
2026-01-28 22:56:07 [INFO]   \_____|_____/ \_____|
2026-01-28 22:56:07 [INFO]                        
2026-01-28 23:07:29 [INFO] CSC close completely, thanks for using!
2026-01-28 23:11:06 [INFO] CSC is loading...   Success！
2026-01-28 23:21:26 [INFO]    _____  _____  _____ 
2026-01-28 23:21:26 [INFO]   / ____|/ ____|/ ____|
2026-01-28 23:21:26 [INFO]  | |    | (___ | |        [CSC] Version: v0.21
2026-01-28 23:21:26 [INFO]  | |     \___ \| |        Minecraft Version: 1.20.1 forge
2026-01-28 23:21:26 [INFO]  | |____ ____) | |____    Problem/Feedback: Tencent QQ：1061133894
2026-01-28 23:21:26 [INFO]   \_____|_____/ \_____|
2026-01-28 23:21:26 [INFO]                        
2026-01-28 23:50:07 [INFO] CSC close completely, thanks for using!
2026-01-31 09:39:47 [INFO] CSC is loading...   Success！
2026-01-31 09:43:48 [INFO]    _____  _____  _____ 
2026-01-31 09:43:48 [INFO]   / ____|/ ____|/ ____|
2026-01-31 09:43:48 [INFO]  | |    | (___ | |        [CSC] Version: v0.21
2026-01-31 09:43:48 [INFO]  | |     \___ \| |        Minecraft Version: 1.20.1 forge
2026-01-31 09:43:48 [INFO]  | |____ ____) | |____    Problem/Feedback: Tencent QQ：1061133894
2026-01-31 09:43:48 [INFO]   \_____|_____/ \_____|
2026-01-31 09:43:48 [INFO]                        
2026-01-31 20:21:22 [INFO] CSC close completely, thanks for using!
2026-02-04 12:25:50 [INFO] CSC is loading...   Success！
2026-02-04 12:34:32 [INFO] CSC is loading...   Success！
2026-02-05 23:58:26 [INFO] CSC is loading...   Success！
2026-02-06 00:08:45 [INFO] CSC is loading...   Success！
2026-02-06 00:11:10 [INFO] CSC is loading...   Success！
2026-02-06 07:45:01 [INFO] CSC is loading...   Success！
2026-02-06 07:48:45 [INFO] CSC is loading...   Success！
2026-02-06 08:06:24 [INFO] CSC is loading...   Success！
2026-02-06 08:19:18 [INFO] CSC is loading...   Success！
2026-02-06 08:26:20 [INFO]    _____  _____  _____ 
2026-02-06 08:26:20 [INFO]   / ____|/ ____|/ ____|
2026-02-06 08:26:20 [INFO]  | |    | (___ | |        [CSC] Version: v0.21
2026-02-06 08:26:20 [INFO]  | |     \___ \| |        Minecraft Version: 1.20.1 forge
2026-02-06 08:26:20 [INFO]  | |____ ____) | |____    Problem/Feedback: Tencent QQ：1061133894
2026-02-06 08:26:20 [INFO]   \_____|_____/ \_____|
2026-02-06 08:26:20 [INFO]                        
2026-02-06 08:55:44 [INFO] CSC is loading...   Success！
2026-02-06 08:58:11 [INFO]    _____  _____  _____ 
2026-02-06 08:58:11 [INFO]   / ____|/ ____|/ ____|
2026-02-06 08:58:11 [INFO]  | |    | (___ | |        [CSC] Version: v0.21
2026-02-06 08:58:11 [INFO]  | |     \___ \| |        Minecraft Version: 1.20.1 forge
2026-02-06 08:58:11 [INFO]  | |____ ____) | |____    Problem/Feedback: Tencent QQ：1061133894
2026-02-06 08:58:11 [INFO]   \_____|_____/ \_____|
2026-02-06 08:58:11 [INFO]                        
2026-02-06 14:51:54 [INFO] CSC is loading...   Success！
2026-02-06 15:10:15 [INFO]    _____  _____  _____ 
2026-02-06 15:10:15 [INFO]   / ____|/ ____|/ ____|
2026-02-06 15:10:15 [INFO]  | |    | (___ | |        [CSC] Version: v0.21
2026-02-06 15:10:15 [INFO]  | |     \___ \| |        Minecraft Version: 1.20.1 forge
2026-02-06 15:10:15 [INFO]  | |____ ____) | |____    Problem/Feedback: Tencent QQ：1061133894
2026-02-06 15:10:15 [INFO]   \_____|_____/ \_____|
2026-02-06 15:10:15 [INFO]                        
2026-02-06 15:11:26 [INFO] CSC close completely, thanks for using!
2026-02-07 17:53:27 [INFO] CSC is loading...   Success！
2026-02-07 18:14:01 [INFO] CSC is loading...   Success！
2026-02-08 10:38:10 [INFO] CSC is loading...   Success！
2026-02-08 13:57:53 [INFO]    _____  _____  _____ 
2026-02-08 13:57:53 [INFO]   / ____|/ ____|/ ____|
2026-02-08 13:57:53 [INFO]  | |    | (___ | |        [CSC] Version: v0.21
2026-02-08 13:57:53 [INFO]  | |     \___ \| |        Minecraft Version: 1.20.1 forge
2026-02-08 13:57:53 [INFO]  | |____ ____) | |____    Problem/Feedback: Tencent QQ：1061133894
2026-02-08 13:57:53 [INFO]   \_____|_____/ \_____|
2026-02-08 13:57:53 [INFO]                        
2026-02-09 00:45:25 [INFO] CSC close completely, thanks for using!
2026-02-16 23:56:27 [INFO] CSC is loading...   Success！
2026-02-19 11:08:13 [INFO] CSC is loading...   Success！
2026-02-19 11:27:17 [INFO] CSC is loading...   Success！
2026-02-19 11:31:21 [INFO] CSC is loading...   Success！
2026-02-19 11:35:01 [INFO] CSC is loading...   Success！
2026-02-19 11:36:57 [INFO]    _____  _____  _____ 
2026-02-19 11:36:57 [INFO]   / ____|/ ____|/ ____|
2026-02-19 11:36:57 [INFO]  | |    | (___ | |        [CSC] Version: v0.21
2026-02-19 11:36:57 [INFO]  | |     \___ \| |        Minecraft Version: 1.20.1 forge
2026-02-19 11:36:57 [INFO]  | |____ ____) | |____    Problem/Feedback: Tencent QQ：1061133894
2026-02-19 11:36:57 [INFO]   \_____|_____/ \_____|
2026-02-19 11:36:57 [INFO]                        
2026-02-19 11:45:54 [INFO] CSC close completely, thanks for using!
2026-02-19 11:48:00 [INFO] CSC is loading...   Success！
2026-02-19 11:50:04 [INFO]    _____  _____  _____ 
2026-02-19 11:50:04 [INFO]   / ____|/ ____|/ ____|
2026-02-19 11:50:04 [INFO]  | |    | (___ | |        [CSC] Version: v0.21
2026-02-19 11:50:04 [INFO]  | |     \___ \| |        Minecraft Version: 1.20.1 forge
2026-02-19 11:50:04 [INFO]  | |____ ____) | |____    Problem/Feedback: Tencent QQ：1061133894
2026-02-19 11:50:04 [INFO]   \_____|_____/ \_____|
2026-02-19 11:50:04 [INFO]                        
2026-02-19 11:55:50 [INFO] CSC close completely, thanks for using!
2026-02-19 11:57:48 [INFO] CSC is loading...   Success！
2026-02-19 11:59:42 [INFO]    _____  _____  _____ 
2026-02-19 11:59:42 [INFO]   / ____|/ ____|/ ____|
2026-02-19 11:59:42 [INFO]  | |    | (___ | |        [CSC] Version: v0.21
2026-02-19 11:59:42 [INFO]  | |     \___ \| |        Minecraft Version: 1.20.1 forge
2026-02-19 11:59:42 [INFO]  | |____ ____) | |____    Problem/Feedback: Tencent QQ：1061133894
2026-02-19 11:59:42 [INFO]   \_____|_____/ \_____|
2026-02-19 11:59:42 [INFO]                        
2026-02-19 12:03:07 [INFO] CSC close completely, thanks for using!
2026-02-19 21:31:04 [INFO] CSC is loading...   Success！
2026-02-19 21:35:16 [INFO] CSC is loading...   Success！
2026-02-19 21:39:03 [INFO]    _____  _____  _____ 
2026-02-19 21:39:03 [INFO]   / ____|/ ____|/ ____|
2026-02-19 21:39:03 [INFO]  | |    | (___ | |        [CSC] Version: v0.21
2026-02-19 21:39:03 [INFO]  | |     \___ \| |        Minecraft Version: 1.20.1 forge
2026-02-19 21:39:03 [INFO]  | |____ ____) | |____    Problem/Feedback: Tencent QQ：1061133894
2026-02-19 21:39:03 [INFO]   \_____|_____/ \_____|
2026-02-19 21:39:03 [INFO]                        
2026-02-19 21:48:58 [INFO] CSC close completely, thanks for using!
2026-02-19 22:12:36 [INFO] CSC is loading...   Success！
2026-02-22 13:12:10 [INFO] CSC is loading...   Success！
2026-02-22 13:15:41 [INFO]    _____  _____  _____ 
2026-02-22 13:15:41 [INFO]   / ____|/ ____|/ ____|
2026-02-22 13:15:41 [INFO]  | |    | (___ | |        [CSC] Version: v0.21
2026-02-22 13:15:41 [INFO]  | |     \___ \| |        Minecraft Version: 1.20.1 forge
2026-02-22 13:15:41 [INFO]  | |____ ____) | |____    Problem/Feedback: Tencent QQ：1061133894
2026-02-22 13:15:41 [INFO]   \_____|_____/ \_____|
2026-02-22 13:15:41 [INFO]                        
2026-02-22 13:18:41 [INFO] CSC close completely, thanks for using!
2026-02-22 13:20:40 [INFO] CSC is loading...   Success！
2026-02-22 13:23:25 [INFO]    _____  _____  _____ 
2026-02-22 13:23:25 [INFO]   / ____|/ ____|/ ____|
2026-02-22 13:23:25 [INFO]  | |    | (___ | |        [CSC] Version: v0.21
2026-02-22 13:23:25 [INFO]  | |     \___ \| |        Minecraft Version: 1.20.1 forge
2026-02-22 13:23:25 [INFO]  | |____ ____) | |____    Problem/Feedback: Tencent QQ：1061133894
2026-02-22 13:23:25 [INFO]   \_____|_____/ \_____|
2026-02-22 13:23:25 [INFO]                        
2026-02-22 14:33:21 [INFO] CSC close completely, thanks for using!
2026-02-22 14:34:57 [INFO]    _____  _____  _____ 
2026-02-22 14:34:57 [INFO]   / ____|/ ____|/ ____|
2026-02-22 14:34:57 [INFO]  | |    | (___ | |        [CSC] Version: v0.21
2026-02-22 14:34:57 [INFO]  | |     \___ \| |        Minecraft Version: 1.20.1 forge
2026-02-22 14:34:57 [INFO]  | |____ ____) | |____    Problem/Feedback: Tencent QQ：1061133894
2026-02-22 14:34:57 [INFO]   \_____|_____/ \_____|
2026-02-22 14:34:57 [INFO]                        
2026-02-22 14:38:38 [INFO] CSC close completely, thanks for using!
2026-02-27 10:21:06 [INFO] CSC is loading...   Success！
2026-02-27 10:25:11 [INFO]    _____  _____  _____ 
2026-02-27 10:25:11 [INFO]   / ____|/ ____|/ ____|
2026-02-27 10:25:11 [INFO]  | |    | (___ | |        [CSC] Version: v0.21
2026-02-27 10:25:11 [INFO]  | |     \___ \| |        Minecraft Version: 1.20.1 forge
2026-02-27 10:25:11 [INFO]  | |____ ____) | |____    Problem/Feedback: Tencent QQ：1061133894
2026-02-27 10:25:11 [INFO]   \_____|_____/ \_____|
2026-02-27 10:25:11 [INFO]                        
2026-02-27 10:53:29 [INFO] CSC is loading...   Success！
2026-02-27 10:55:54 [INFO]    _____  _____  _____ 
2026-02-27 10:55:54 [INFO]   / ____|/ ____|/ ____|
2026-02-27 10:55:54 [INFO]  | |    | (___ | |        [CSC] Version: v0.21
2026-02-27 10:55:54 [INFO]  | |     \___ \| |        Minecraft Version: 1.20.1 forge
2026-02-27 10:55:54 [INFO]  | |____ ____) | |____    Problem/Feedback: Tencent QQ：1061133894
2026-02-27 10:55:54 [INFO]   \_____|_____/ \_____|
2026-02-27 10:55:54 [INFO]                        
2026-02-27 18:28:23 [INFO] CSC close completely, thanks for using!
2026-02-27 18:30:15 [INFO]    _____  _____  _____ 
2026-02-27 18:30:15 [INFO]   / ____|/ ____|/ ____|
2026-02-27 18:30:15 [INFO]  | |    | (___ | |        [CSC] Version: v0.21
2026-02-27 18:30:15 [INFO]  | |     \___ \| |        Minecraft Version: 1.20.1 forge
2026-02-27 18:30:15 [INFO]  | |____ ____) | |____    Problem/Feedback: Tencent QQ：1061133894
2026-02-27 18:30:15 [INFO]   \_____|_____/ \_____|
2026-02-27 18:30:15 [INFO]                        
2026-03-05 00:37:26 [INFO] CSC is loading...   Success！
2026-03-05 01:00:39 [INFO] CSC is loading...   Success！
2026-03-06 04:24:49 [INFO] CSC is loading...   Success！
2026-03-06 04:27:44 [INFO] CSC is loading...   Success！
2026-03-06 04:32:30 [INFO] CSC is loading...   Success！
2026-03-08 18:32:45 [INFO] CSC is loading...   Success！
2026-03-08 18:37:16 [INFO]    _____  _____  _____ 
2026-03-08 18:37:16 [INFO]   / ____|/ ____|/ ____|
2026-03-08 18:37:16 [INFO]  | |    | (___ | |        [CSC] Version: v0.21
2026-03-08 18:37:16 [INFO]  | |     \___ \| |        Minecraft Version: 1.20.1 forge
2026-03-08 18:37:16 [INFO]  | |____ ____) | |____    Problem/Feedback: Tencent QQ：1061133894
2026-03-08 18:37:16 [INFO]   \_____|_____/ \_____|
2026-03-08 18:37:16 [INFO]                        
2026-03-08 19:08:38 [INFO] CSC close completely, thanks for using!
2026-03-08 19:11:15 [INFO] CSC is loading...   Success！
2026-03-08 19:14:06 [INFO] CSC is loading...   Success！
2026-03-08 19:16:25 [INFO]    _____  _____  _____ 
2026-03-08 19:16:25 [INFO]   / ____|/ ____|/ ____|
2026-03-08 19:16:25 [INFO]  | |    | (___ | |        [CSC] Version: v0.21
2026-03-08 19:16:25 [INFO]  | |     \___ \| |        Minecraft Version: 1.20.1 forge
2026-03-08 19:16:25 [INFO]  | |____ ____) | |____    Problem/Feedback: Tencent QQ：1061133894
2026-03-08 19:16:25 [INFO]   \_____|_____/ \_____|
2026-03-08 19:16:25 [INFO]                        
2026-03-08 19:22:16 [INFO] CSC close completely, thanks for using!
2026-03-08 19:24:21 [INFO] CSC is loading...   Success！
2026-03-08 19:27:13 [INFO]    _____  _____  _____ 
2026-03-08 19:27:13 [INFO]   / ____|/ ____|/ ____|
2026-03-08 19:27:13 [INFO]  | |    | (___ | |        [CSC] Version: v0.21
2026-03-08 19:27:13 [INFO]  | |     \___ \| |        Minecraft Version: 1.20.1 forge
2026-03-08 19:27:13 [INFO]  | |____ ____) | |____    Problem/Feedback: Tencent QQ：1061133894
2026-03-08 19:27:13 [INFO]   \_____|_____/ \_____|
2026-03-08 19:27:13 [INFO]                        
2026-03-08 19:30:41 [INFO] CSC close completely, thanks for using!
2026-03-08 23:07:41 [INFO] CSC is loading...   Success！
2026-03-19 23:51:21 [INFO] CSC is loading...   Success！
2026-03-26 06:11:52 [INFO] CSC is loading...   Success！
2026-03-26 06:14:47 [INFO]    _____  _____  _____ 
2026-03-26 06:14:47 [INFO]   / ____|/ ____|/ ____|
2026-03-26 06:14:47 [INFO]  | |    | (___ | |        [CSC] Version: v0.21
2026-03-26 06:14:47 [INFO]  | |     \___ \| |        Minecraft Version: 1.20.1 forge
2026-03-26 06:14:47 [INFO]  | |____ ____) | |____    Problem/Feedback: Tencent QQ：1061133894
2026-03-26 06:14:47 [INFO]   \_____|_____/ \_____|
2026-03-26 06:14:47 [INFO]                        
2026-03-26 06:16:04 [INFO] CSC close completely, thanks for using!
2026-03-26 06:21:42 [INFO] CSC is loading...   Success！
2026-03-26 06:40:24 [INFO] CSC is loading...   Success！
2026-03-26 11:26:31 [INFO] CSC is loading...   Success！
2026-03-26 11:37:54 [INFO] CSC is loading...   Success！
2026-03-26 11:44:05 [INFO] CSC is loading...   Success！
2026-03-26 11:47:36 [INFO]    _____  _____  _____ 
2026-03-26 11:47:36 [INFO]   / ____|/ ____|/ ____|
2026-03-26 11:47:36 [INFO]  | |    | (___ | |        [CSC] Version: v0.21
2026-03-26 11:47:36 [INFO]  | |     \___ \| |        Minecraft Version: 1.20.1 forge
2026-03-26 11:47:36 [INFO]  | |____ ____) | |____    Problem/Feedback: Tencent QQ：1061133894
2026-03-26 11:47:36 [INFO]   \_____|_____/ \_____|
2026-03-26 11:47:36 [INFO]                        
2026-03-26 12:29:45 [INFO] CSC close completely, thanks for using!
2026-03-26 14:07:37 [INFO]    _____  _____  _____ 
2026-03-26 14:07:37 [INFO]   / ____|/ ____|/ ____|
2026-03-26 14:07:37 [INFO]  | |    | (___ | |        [CSC] Version: v0.21
2026-03-26 14:07:37 [INFO]  | |     \___ \| |        Minecraft Version: 1.20.1 forge
2026-03-26 14:07:37 [INFO]  | |____ ____) | |____    Problem/Feedback: Tencent QQ：1061133894
2026-03-26 14:07:37 [INFO]   \_____|_____/ \_____|
2026-03-26 14:07:37 [INFO]                        
2026-03-27 11:32:39 [INFO] CSC is loading...   Success！
2026-03-27 11:36:07 [INFO]    _____  _____  _____ 
2026-03-27 11:36:07 [INFO]   / ____|/ ____|/ ____|
2026-03-27 11:36:07 [INFO]  | |    | (___ | |        [CSC] Version: v0.21
2026-03-27 11:36:07 [INFO]  | |     \___ \| |        Minecraft Version: 1.20.1 forge
2026-03-27 11:36:07 [INFO]  | |____ ____) | |____    Problem/Feedback: Tencent QQ：1061133894
2026-03-27 11:36:07 [INFO]   \_____|_____/ \_____|
2026-03-27 11:36:07 [INFO]                        
2026-03-27 12:04:56 [INFO] CSC close completely, thanks for using!
2026-03-27 12:06:45 [INFO] CSC is loading...   Success！
2026-03-27 12:09:52 [INFO]    _____  _____  _____ 
2026-03-27 12:09:52 [INFO]   / ____|/ ____|/ ____|
2026-03-27 12:09:52 [INFO]  | |    | (___ | |        [CSC] Version: v0.21
2026-03-27 12:09:52 [INFO]  | |     \___ \| |        Minecraft Version: 1.20.1 forge
2026-03-27 12:09:52 [INFO]  | |____ ____) | |____    Problem/Feedback: Tencent QQ：1061133894
2026-03-27 12:09:52 [INFO]   \_____|_____/ \_____|
2026-03-27 12:09:52 [INFO]                        
2026-03-27 12:17:32 [INFO] CSC close completely, thanks for using!
2026-03-27 12:18:31 [INFO]    _____  _____  _____ 
2026-03-27 12:18:31 [INFO]   / ____|/ ____|/ ____|
2026-03-27 12:18:31 [INFO]  | |    | (___ | |        [CSC] Version: v0.21
2026-03-27 12:18:31 [INFO]  | |     \___ \| |        Minecraft Version: 1.20.1 forge
2026-03-27 12:18:31 [INFO]  | |____ ____) | |____    Problem/Feedback: Tencent QQ：1061133894
2026-03-27 12:18:31 [INFO]   \_____|_____/ \_____|
2026-03-27 12:18:31 [INFO]                        
2026-03-27 17:13:57 [INFO] CSC close completely, thanks for using!
2026-03-27 22:19:03 [INFO] CSC is loading...   Success！
2026-03-28 17:06:09 [INFO] CSC is loading...   Success！
2026-03-28 22:11:12 [INFO]    _____  _____  _____ 
2026-03-28 22:11:12 [INFO]   / ____|/ ____|/ ____|
2026-03-28 22:11:12 [INFO]  | |    | (___ | |        [CSC] Version: v0.21
2026-03-28 22:11:12 [INFO]  | |     \___ \| |        Minecraft Version: 1.20.1 forge
2026-03-28 22:11:12 [INFO]  | |____ ____) | |____    Problem/Feedback: Tencent QQ：1061133894
2026-03-28 22:11:12 [INFO]   \_____|_____/ \_____|
2026-03-28 22:11:12 [INFO]                        
2026-03-28 22:30:25 [INFO] CSC close completely, thanks for using!
2026-03-31 17:45:53 [INFO] CSC is loading...   Success！
2026-03-31 23:28:17 [INFO] CSC is loading...   Success！
2026-03-31 23:31:42 [INFO]    _____  _____  _____ 
2026-03-31 23:31:42 [INFO]   / ____|/ ____|/ ____|
2026-03-31 23:31:42 [INFO]  | |    | (___ | |        [CSC] Version: v0.21
2026-03-31 23:31:42 [INFO]  | |     \___ \| |        Minecraft Version: 1.20.1 forge
2026-03-31 23:31:42 [INFO]  | |____ ____) | |____    Problem/Feedback: Tencent QQ：1061133894
2026-03-31 23:31:42 [INFO]   \_____|_____/ \_____|
2026-03-31 23:31:42 [INFO]                        
2026-03-31 23:41:10 [INFO] CSC close completely, thanks for using!
2026-03-31 23:47:38 [INFO] CSC is loading...   Success！
2026-03-31 23:49:50 [INFO]    _____  _____  _____ 
2026-03-31 23:49:50 [INFO]   / ____|/ ____|/ ____|
2026-03-31 23:49:50 [INFO]  | |    | (___ | |        [CSC] Version: v0.21
2026-03-31 23:49:50 [INFO]  | |     \___ \| |        Minecraft Version: 1.20.1 forge
2026-03-31 23:49:50 [INFO]  | |____ ____) | |____    Problem/Feedback: Tencent QQ：1061133894
2026-03-31 23:49:50 [INFO]   \_____|_____/ \_____|
2026-03-31 23:49:50 [INFO]                        
2026-03-31 23:53:07 [INFO] CSC close completely, thanks for using!
2026-04-01 07:49:13 [INFO] CSC is loading...   Success！
2026-04-01 15:38:15 [INFO] CSC is loading...   Success！
2026-04-01 20:41:11 [INFO]    _____  _____  _____ 
2026-04-01 20:41:11 [INFO]   / ____|/ ____|/ ____|
2026-04-01 20:41:11 [INFO]  | |    | (___ | |        [CSC] Version: v0.21
2026-04-01 20:41:11 [INFO]  | |     \___ \| |        Minecraft Version: 1.20.1 forge
2026-04-01 20:41:11 [INFO]  | |____ ____) | |____    Problem/Feedback: Tencent QQ：1061133894
2026-04-01 20:41:11 [INFO]   \_____|_____/ \_____|
2026-04-01 20:41:11 [INFO]                        
2026-04-01 22:38:09 [INFO] CSC close completely, thanks for using!
2026-04-02 04:27:32 [INFO] CSC is loading...   Success！
2026-04-02 20:58:03 [INFO]    _____  _____  _____ 
2026-04-02 20:58:03 [INFO]   / ____|/ ____|/ ____|
2026-04-02 20:58:03 [INFO]  | |    | (___ | |        [CSC] Version: v0.21
2026-04-02 20:58:03 [INFO]  | |     \___ \| |        Minecraft Version: 1.20.1 forge
2026-04-02 20:58:03 [INFO]  | |____ ____) | |____    Problem/Feedback: Tencent QQ：1061133894
2026-04-02 20:58:03 [INFO]   \_____|_____/ \_____|
2026-04-02 20:58:03 [INFO]                        
2026-04-02 20:59:36 [INFO] CSC close completely, thanks for using!
2026-04-18 12:21:33 [INFO] CSC is loading...   Success！
2026-04-18 19:05:28 [INFO] CSC is loading...   Success！
2026-04-18 19:09:41 [INFO] CSC is loading...   Success！
2026-04-18 19:13:05 [INFO]    _____  _____  _____ 
2026-04-18 19:13:05 [INFO]   / ____|/ ____|/ ____|
2026-04-18 19:13:05 [INFO]  | |    | (___ | |        [CSC] Version: v0.21
2026-04-18 19:13:05 [INFO]  | |     \___ \| |        Minecraft Version: 1.20.1 forge
2026-04-18 19:13:05 [INFO]  | |____ ____) | |____    Problem/Feedback: Tencent QQ：1061133894
2026-04-18 19:13:05 [INFO]   \_____|_____/ \_____|
2026-04-18 19:13:05 [INFO]                        
2026-04-18 19:15:14 [INFO] CSC close completely, thanks for using!
2026-04-19 21:11:11 [INFO] CSC is loading...   Success！
2026-04-19 21:22:43 [INFO]    _____  _____  _____ 
2026-04-19 21:22:43 [INFO]   / ____|/ ____|/ ____|
2026-04-19 21:22:43 [INFO]  | |    | (___ | |        [CSC] Version: v0.21
2026-04-19 21:22:43 [INFO]  | |     \___ \| |        Minecraft Version: 1.20.1 forge
2026-04-19 21:22:43 [INFO]  | |____ ____) | |____    Problem/Feedback: Tencent QQ：1061133894
2026-04-19 21:22:43 [INFO]   \_____|_____/ \_____|
2026-04-19 21:22:43 [INFO]                        
2026-04-19 22:00:10 [INFO] CSC close completely, thanks for using!
2026-04-23 11:38:51 [INFO] CSC is loading...   Success！
2026-04-23 11:40:43 [INFO]    _____  _____  _____ 
2026-04-23 11:40:43 [INFO]   / ____|/ ____|/ ____|
2026-04-23 11:40:43 [INFO]  | |    | (___ | |        [CSC] Version: v0.21
2026-04-23 11:40:43 [INFO]  | |     \___ \| |        Minecraft Version: 1.20.1 forge
2026-04-23 11:40:43 [INFO]  | |____ ____) | |____    Problem/Feedback: Tencent QQ：1061133894
2026-04-23 11:40:43 [INFO]   \_____|_____/ \_____|
2026-04-23 11:40:43 [INFO]                        
2026-04-23 11:52:59 [INFO] CSC close completely, thanks for using!
2026-04-23 15:55:15 [INFO] CSC is loading...   Success！
2026-04-23 15:58:26 [INFO]    _____  _____  _____ 
2026-04-23 15:58:26 [INFO]   / ____|/ ____|/ ____|
2026-04-23 15:58:26 [INFO]  | |    | (___ | |        [CSC] Version: v0.21
2026-04-23 15:58:26 [INFO]  | |     \___ \| |        Minecraft Version: 1.20.1 forge
2026-04-23 15:58:26 [INFO]  | |____ ____) | |____    Problem/Feedback: Tencent QQ：1061133894
2026-04-23 15:58:26 [INFO]   \_____|_____/ \_____|
2026-04-23 15:58:26 [INFO]                        
2026-04-23 16:01:11 [INFO] CSC close completely, thanks for using!
2026-04-29 11:31:59 [INFO] CSC is loading...   Success！
2026-04-30 02:52:33 [INFO] CSC is loading...   Success！
2026-04-30 02:57:16 [INFO]    _____  _____  _____ 
2026-04-30 02:57:16 [INFO]   / ____|/ ____|/ ____|
2026-04-30 02:57:16 [INFO]  | |    | (___ | |        [CSC] Version: v0.21
2026-04-30 02:57:16 [INFO]  | |     \___ \| |        Minecraft Version: 1.20.1 forge
2026-04-30 02:57:16 [INFO]  | |____ ____) | |____    Problem/Feedback: Tencent QQ：1061133894
2026-04-30 02:57:16 [INFO]   \_____|_____/ \_____|
2026-04-30 02:57:16 [INFO]                        
2026-04-30 04:03:46 [INFO] CSC close completely, thanks for using!
2026-04-30 11:42:10 [INFO] CSC is loading...   Success！
2026-04-30 15:18:22 [INFO] CSC is loading...   Success！
2026-04-30 15:20:30 [INFO]    _____  _____  _____ 
2026-04-30 15:20:30 [INFO]   / ____|/ ____|/ ____|
2026-04-30 15:20:30 [INFO]  | |    | (___ | |        [CSC] Version: v0.21
2026-04-30 15:20:30 [INFO]  | |     \___ \| |        Minecraft Version: 1.20.1 forge
2026-04-30 15:20:30 [INFO]  | |____ ____) | |____    Problem/Feedback: Tencent QQ：1061133894
2026-04-30 15:20:30 [INFO]   \_____|_____/ \_____|
2026-04-30 15:20:30 [INFO]                        
2026-04-30 16:03:09 [INFO] CSC close completely, thanks for using!
2026-04-30 16:03:51 [INFO]    _____  _____  _____ 
2026-04-30 16:03:51 [INFO]   / ____|/ ____|/ ____|
2026-04-30 16:03:51 [INFO]  | |    | (___ | |        [CSC] Version: v0.21
2026-04-30 16:03:51 [INFO]  | |     \___ \| |        Minecraft Version: 1.20.1 forge
2026-04-30 16:03:51 [INFO]  | |____ ____) | |____    Problem/Feedback: Tencent QQ：1061133894
2026-04-30 16:03:51 [INFO]   \_____|_____/ \_____|
2026-04-30 16:03:51 [INFO]                        
2026-04-30 16:13:32 [INFO] CSC close completely, thanks for using!
2026-05-05 19:34:55 [INFO] CSC is loading...   Success！
2026-05-05 19:41:42 [INFO] CSC is loading...   Success！
2026-05-05 19:44:28 [INFO]    _____  _____  _____ 
2026-05-05 19:44:28 [INFO]   / ____|/ ____|/ ____|
2026-05-05 19:44:28 [INFO]  | |    | (___ | |        [CSC] Version: v0.21
2026-05-05 19:44:28 [INFO]  | |     \___ \| |        Minecraft Version: 1.20.1 forge
2026-05-05 19:44:28 [INFO]  | |____ ____) | |____    Problem/Feedback: Tencent QQ：1061133894
2026-05-05 19:44:28 [INFO]   \_____|_____/ \_____|
2026-05-05 19:44:28 [INFO]                        
2026-05-05 19:51:48 [INFO] CSC close completely, thanks for using!
2026-05-06 18:51:51 [INFO] CSC is loading...   Success！
2026-05-06 18:55:29 [INFO]    _____  _____  _____ 
2026-05-06 18:55:29 [INFO]   / ____|/ ____|/ ____|
2026-05-06 18:55:29 [INFO]  | |    | (___ | |        [CSC] Version: v0.21
2026-05-06 18:55:29 [INFO]  | |     \___ \| |        Minecraft Version: 1.20.1 forge
2026-05-06 18:55:29 [INFO]  | |____ ____) | |____    Problem/Feedback: Tencent QQ：1061133894
2026-05-06 18:55:29 [INFO]   \_____|_____/ \_____|
2026-05-06 18:55:29 [INFO]                        
2026-05-06 19:04:03 [INFO] CSC close completely, thanks for using!
2026-05-08 05:48:58 [INFO] CSC is loading...   Success！
2026-05-08 05:52:00 [INFO]    _____  _____  _____ 
2026-05-08 05:52:00 [INFO]   / ____|/ ____|/ ____|
2026-05-08 05:52:00 [INFO]  | |    | (___ | |        [CSC] Version: v0.21
2026-05-08 05:52:00 [INFO]  | |     \___ \| |        Minecraft Version: 1.20.1 forge
2026-05-08 05:52:00 [INFO]  | |____ ____) | |____    Problem/Feedback: Tencent QQ：1061133894
2026-05-08 05:52:00 [INFO]   \_____|_____/ \_____|
2026-05-08 05:52:00 [INFO]                        
2026-05-08 06:03:54 [INFO] CSC close completely, thanks for using!
2026-05-13 14:32:43 [INFO] CSC is loading...   Success！
2026-05-13 14:37:32 [INFO]    _____  _____  _____ 
2026-05-13 14:37:32 [INFO]   / ____|/ ____|/ ____|
2026-05-13 14:37:32 [INFO]  | |    | (___ | |        [CSC] Version: v0.21
2026-05-13 14:37:32 [INFO]  | |     \___ \| |        Minecraft Version: 1.20.1 forge
2026-05-13 14:37:32 [INFO]  | |____ ____) | |____    Problem/Feedback: Tencent QQ：1061133894
2026-05-13 14:37:32 [INFO]   \_____|_____/ \_____|
2026-05-13 14:37:32 [INFO]                        
2026-05-17 11:18:02 [INFO] CSC is loading...   Success！
2026-05-17 11:22:41 [INFO]    _____  _____  _____ 
2026-05-17 11:22:41 [INFO]   / ____|/ ____|/ ____|
2026-05-17 11:22:41 [INFO]  | |    | (___ | |        [CSC] Version: v0.21
2026-05-17 11:22:41 [INFO]  | |     \___ \| |        Minecraft Version: 1.20.1 forge
2026-05-17 11:22:41 [INFO]  | |____ ____) | |____    Problem/Feedback: Tencent QQ：1061133894
2026-05-17 11:22:41 [INFO]   \_____|_____/ \_____|
2026-05-17 11:22:41 [INFO]                        
2026-05-17 11:34:25 [INFO] CSC close completely, thanks for using!
2026-05-22 10:29:03 [INFO] CSC is loading...   Success！
2026-05-22 10:31:23 [INFO]    _____  _____  _____ 
2026-05-22 10:31:23 [INFO]   / ____|/ ____|/ ____|
2026-05-22 10:31:23 [INFO]  | |    | (___ | |        [CSC] Version: v0.21
2026-05-22 10:31:23 [INFO]  | |     \___ \| |        Minecraft Version: 1.20.1 forge
2026-05-22 10:31:23 [INFO]  | |____ ____) | |____    Problem/Feedback: Tencent QQ：1061133894
2026-05-22 10:31:23 [INFO]   \_____|_____/ \_____|
2026-05-22 10:31:23 [INFO]                        
2026-05-22 10:38:03 [INFO] CSC close completely, thanks for using!
2026-05-22 10:41:12 [INFO] CSC is loading...   Success！
2026-05-22 10:47:34 [INFO]    _____  _____  _____ 
2026-05-22 10:47:34 [INFO]   / ____|/ ____|/ ____|
2026-05-22 10:47:34 [INFO]  | |    | (___ | |        [CSC] Version: v0.21
2026-05-22 10:47:34 [INFO]  | |     \___ \| |        Minecraft Version: 1.20.1 forge
2026-05-22 10:47:34 [INFO]  | |____ ____) | |____    Problem/Feedback: Tencent QQ：1061133894
2026-05-22 10:47:34 [INFO]   \_____|_____/ \_____|
2026-05-22 10:47:34 [INFO]                        
2026-05-22 10:50:21 [INFO] CSC close completely, thanks for using!
2026-05-22 10:53:05 [INFO] CSC is loading...   Success！
2026-05-22 10:55:02 [INFO]    _____  _____  _____ 
2026-05-22 10:55:02 [INFO]   / ____|/ ____|/ ____|
2026-05-22 10:55:02 [INFO]  | |    | (___ | |        [CSC] Version: v0.21
2026-05-22 10:55:02 [INFO]  | |     \___ \| |        Minecraft Version: 1.20.1 forge
2026-05-22 10:55:02 [INFO]  | |____ ____) | |____    Problem/Feedback: Tencent QQ：1061133894
2026-05-22 10:55:02 [INFO]   \_____|_____/ \_____|
2026-05-22 10:55:02 [INFO]                        
2026-05-22 10:58:20 [INFO] CSC close completely, thanks for using!
2026-06-03 11:30:45 [INFO] CSC is loading...   Success！
2026-06-03 11:34:06 [INFO]    _____  _____  _____ 
2026-06-03 11:34:06 [INFO]   / ____|/ ____|/ ____|
2026-06-03 11:34:06 [INFO]  | |    | (___ | |        [CSC] Version: v0.21
2026-06-03 11:34:06 [INFO]  | |     \___ \| |        Minecraft Version: 1.20.1 forge
2026-06-03 11:34:06 [INFO]  | |____ ____) | |____    Problem/Feedback: Tencent QQ：1061133894
2026-06-03 11:34:06 [INFO]   \_____|_____/ \_____|
2026-06-03 11:34:06 [INFO]                        
2026-06-03 11:42:52 [INFO] CSC close completely, thanks for using!
2026-06-03 19:04:56 [INFO]    _____  _____  _____ 
2026-06-03 19:04:56 [INFO]   / ____|/ ____|/ ____|
2026-06-03 19:04:56 [INFO]  | |    | (___ | |        [CSC] Version: v0.21
2026-06-03 19:04:56 [INFO]  | |     \___ \| |        Minecraft Version: 1.20.1 forge
2026-06-03 19:04:56 [INFO]  | |____ ____) | |____    Problem/Feedback: Tencent QQ：1061133894
2026-06-03 19:04:56 [INFO]   \_____|_____/ \_____|
2026-06-03 19:04:56 [INFO]                        
2026-06-03 19:16:30 [INFO] CSC close completely, thanks for using!
2026-06-03 19:20:08 [INFO] CSC is loading...   Success！
2026-06-03 22:04:38 [INFO]    _____  _____  _____ 
2026-06-03 22:04:38 [INFO]   / ____|/ ____|/ ____|
2026-06-03 22:04:38 [INFO]  | |    | (___ | |        [CSC] Version: v0.21
2026-06-03 22:04:38 [INFO]  | |     \___ \| |        Minecraft Version: 1.20.1 forge
2026-06-03 22:04:38 [INFO]  | |____ ____) | |____    Problem/Feedback: Tencent QQ：1061133894
2026-06-03 22:04:38 [INFO]   \_____|_____/ \_____|
2026-06-03 22:04:38 [INFO]                        
2026-06-03 22:16:05 [INFO] CSC close completely, thanks for using!
2026-06-11 14:43:40 [INFO] CSC is loading...   Success！
2026-06-11 14:55:37 [INFO]    _____  _____  _____ 
2026-06-11 14:55:37 [INFO]   / ____|/ ____|/ ____|
2026-06-11 14:55:37 [INFO]  | |    | (___ | |        [CSC] Version: v0.21
2026-06-11 14:55:37 [INFO]  | |     \___ \| |        Minecraft Version: 1.20.1 forge
2026-06-11 14:55:37 [INFO]  | |____ ____) | |____    Problem/Feedback: Tencent QQ：1061133894
2026-06-11 14:55:37 [INFO]   \_____|_____/ \_____|
2026-06-11 14:55:37 [INFO]                        
2026-06-11 14:59:30 [INFO] CSC close completely, thanks for using!
2026-06-11 15:01:13 [INFO]    _____  _____  _____ 
2026-06-11 15:01:13 [INFO]   / ____|/ ____|/ ____|
2026-06-11 15:01:13 [INFO]  | |    | (___ | |        [CSC] Version: v0.21
2026-06-11 15:01:13 [INFO]  | |     \___ \| |        Minecraft Version: 1.20.1 forge
2026-06-11 15:01:13 [INFO]  | |____ ____) | |____    Problem/Feedback: Tencent QQ：1061133894
2026-06-11 15:01:13 [INFO]   \_____|_____/ \_____|
2026-06-11 15:01:13 [INFO]                        
2026-06-11 15:06:37 [INFO] CSC close completely, thanks for using!
2026-06-11 15:32:05 [INFO] CSC is loading...   Success！
2026-06-11 15:37:32 [INFO]    _____  _____  _____ 
2026-06-11 15:37:32 [INFO]   / ____|/ ____|/ ____|
2026-06-11 15:37:32 [INFO]  | |    | (___ | |        [CSC] Version: v0.21
2026-06-11 15:37:32 [INFO]  | |     \___ \| |        Minecraft Version: 1.20.1 forge
2026-06-11 15:37:32 [INFO]  | |____ ____) | |____    Problem/Feedback: Tencent QQ：1061133894
2026-06-11 15:37:32 [INFO]   \_____|_____/ \_____|
2026-06-11 15:37:32 [INFO]                        
2026-06-11 16:13:00 [INFO] CSC close completely, thanks for using!
2026-06-11 16:14:36 [INFO]    _____  _____  _____ 
2026-06-11 16:14:36 [INFO]   / ____|/ ____|/ ____|
2026-06-11 16:14:36 [INFO]  | |    | (___ | |        [CSC] Version: v0.21
2026-06-11 16:14:36 [INFO]  | |     \___ \| |        Minecraft Version: 1.20.1 forge
2026-06-11 16:14:36 [INFO]  | |____ ____) | |____    Problem/Feedback: Tencent QQ：1061133894
2026-06-11 16:14:36 [INFO]   \_____|_____/ \_____|
2026-06-11 16:14:36 [INFO]                        
2026-06-11 16:18:43 [INFO] CSC close completely, thanks for using!
2026-06-11 16:20:02 [INFO]    _____  _____  _____ 
2026-06-11 16:20:02 [INFO]   / ____|/ ____|/ ____|
2026-06-11 16:20:02 [INFO]  | |    | (___ | |        [CSC] Version: v0.21
2026-06-11 16:20:02 [INFO]  | |     \___ \| |        Minecraft Version: 1.20.1 forge
2026-06-11 16:20:02 [INFO]  | |____ ____) | |____    Problem/Feedback: Tencent QQ：1061133894
2026-06-11 16:20:02 [INFO]   \_____|_____/ \_____|
2026-06-11 16:20:02 [INFO]                        
2026-06-11 16:39:21 [INFO] CSC close completely, thanks for using!
2026-06-11 16:53:38 [INFO] CSC is loading...   Success！
2026-06-11 17:15:21 [INFO]    _____  _____  _____ 
2026-06-11 17:15:21 [INFO]   / ____|/ ____|/ ____|
2026-06-11 17:15:21 [INFO]  | |    | (___ | |        [CSC] Version: v0.21
2026-06-11 17:15:21 [INFO]  | |     \___ \| |        Minecraft Version: 1.20.1 forge
2026-06-11 17:15:21 [INFO]  | |____ ____) | |____    Problem/Feedback: Tencent QQ：1061133894
2026-06-11 17:15:21 [INFO]   \_____|_____/ \_____|
2026-06-11 17:15:21 [INFO]                        
2026-06-11 17:42:03 [INFO] CSC close completely, thanks for using!
2026-06-11 22:49:52 [INFO] CSC is loading...   Success！
2026-06-11 22:53:15 [INFO]    _____  _____  _____ 
2026-06-11 22:53:15 [INFO]   / ____|/ ____|/ ____|
2026-06-11 22:53:15 [INFO]  | |    | (___ | |        [CSC] Version: v0.21
2026-06-11 22:53:15 [INFO]  | |     \___ \| |        Minecraft Version: 1.20.1 forge
2026-06-11 22:53:15 [INFO]  | |____ ____) | |____    Problem/Feedback: Tencent QQ：1061133894
2026-06-11 22:53:15 [INFO]   \_____|_____/ \_____|
2026-06-11 22:53:15 [INFO]                        
2026-06-11 23:01:23 [INFO] CSC close completely, thanks for using!
2026-06-12 05:35:21 [INFO] CSC is loading...   Success！
2026-06-12 05:37:52 [INFO]    _____  _____  _____ 
2026-06-12 05:37:52 [INFO]   / ____|/ ____|/ ____|
2026-06-12 05:37:52 [INFO]  | |    | (___ | |        [CSC] Version: v0.21
2026-06-12 05:37:52 [INFO]  | |     \___ \| |        Minecraft Version: 1.20.1 forge
2026-06-12 05:37:52 [INFO]  | |____ ____) | |____    Problem/Feedback: Tencent QQ：1061133894
2026-06-12 05:37:52 [INFO]   \_____|_____/ \_____|
2026-06-12 05:37:52 [INFO]                        
2026-06-12 06:54:20 [INFO] CSC is loading...   Success！
2026-06-12 06:57:22 [INFO] CSC is loading...   Success！
2026-06-12 07:02:03 [INFO]    _____  _____  _____ 
2026-06-12 07:02:03 [INFO]   / ____|/ ____|/ ____|
2026-06-12 07:02:03 [INFO]  | |    | (___ | |        [CSC] Version: v0.21
2026-06-12 07:02:03 [INFO]  | |     \___ \| |        Minecraft Version: 1.20.1 forge
2026-06-12 07:02:03 [INFO]  | |____ ____) | |____    Problem/Feedback: Tencent QQ：1061133894
2026-06-12 07:02:03 [INFO]   \_____|_____/ \_____|
2026-06-12 07:02:03 [INFO]                        
2026-06-12 07:05:06 [INFO] CSC close completely, thanks for using!
2026-06-12 07:06:45 [INFO] CSC is loading...   Success！
2026-06-12 07:08:35 [INFO]    _____  _____  _____ 
2026-06-12 07:08:35 [INFO]   / ____|/ ____|/ ____|
2026-06-12 07:08:35 [INFO]  | |    | (___ | |        [CSC] Version: v0.21
2026-06-12 07:08:35 [INFO]  | |     \___ \| |        Minecraft Version: 1.20.1 forge
2026-06-12 07:08:35 [INFO]  | |____ ____) | |____    Problem/Feedback: Tencent QQ：1061133894
2026-06-12 07:08:35 [INFO]   \_____|_____/ \_____|
2026-06-12 07:08:35 [INFO]                        
2026-06-12 07:14:12 [INFO] CSC close completely, thanks for using!
2026-06-12 07:25:26 [INFO] CSC is loading...   Success！
2026-06-12 07:31:45 [INFO]    _____  _____  _____ 
2026-06-12 07:31:45 [INFO]   / ____|/ ____|/ ____|
2026-06-12 07:31:45 [INFO]  | |    | (___ | |        [CSC] Version: v0.21
2026-06-12 07:31:45 [INFO]  | |     \___ \| |        Minecraft Version: 1.20.1 forge
2026-06-12 07:31:45 [INFO]  | |____ ____) | |____    Problem/Feedback: Tencent QQ：1061133894
2026-06-12 07:31:45 [INFO]   \_____|_____/ \_____|
2026-06-12 07:31:45 [INFO]                        
2026-06-12 07:32:46 [INFO] CSC close completely, thanks for using!
2026-06-12 08:21:36 [INFO] CSC is loading...   Success！
2026-06-12 09:21:31 [INFO] CSC is loading...   Success！
2026-06-12 10:50:18 [INFO] CSC is loading...   Success！
2026-06-12 11:13:45 [INFO] CSC is loading...   Success！
2026-06-12 11:19:40 [INFO]    _____  _____  _____ 
2026-06-12 11:19:40 [INFO]   / ____|/ ____|/ ____|
2026-06-12 11:19:40 [INFO]  | |    | (___ | |        [CSC] Version: v0.21
2026-06-12 11:19:40 [INFO]  | |     \___ \| |        Minecraft Version: 1.20.1 forge
2026-06-12 11:19:40 [INFO]  | |____ ____) | |____    Problem/Feedback: Tencent QQ：1061133894
2026-06-12 11:19:40 [INFO]   \_____|_____/ \_____|
2026-06-12 11:19:40 [INFO]                        
2026-06-12 11:47:23 [INFO] CSC is loading...   Success！
2026-06-12 11:49:53 [INFO]    _____  _____  _____ 
2026-06-12 11:49:53 [INFO]   / ____|/ ____|/ ____|
2026-06-12 11:49:53 [INFO]  | |    | (___ | |        [CSC] Version: v0.21
2026-06-12 11:49:53 [INFO]  | |     \___ \| |        Minecraft Version: 1.20.1 forge
2026-06-12 11:49:53 [INFO]  | |____ ____) | |____    Problem/Feedback: Tencent QQ：1061133894
2026-06-12 11:49:53 [INFO]   \_____|_____/ \_____|
2026-06-12 11:49:53 [INFO]                        
2026-06-12 11:55:57 [INFO] CSC close completely, thanks for using!
2026-06-12 12:05:26 [INFO] CSC is loading...   Success！
2026-06-12 12:17:18 [INFO] CSC is loading...   Success！
2026-06-12 12:20:18 [INFO] CSC is loading...   Success！
2026-06-12 12:53:52 [INFO] CSC is loading...   Success！
2026-06-12 13:02:24 [INFO] CSC is loading...   Success！
2026-06-12 13:05:00 [INFO] CSC is loading...   Success！
2026-06-12 13:11:40 [INFO] CSC is loading...   Success！
2026-06-12 13:22:20 [INFO] CSC is loading...   Success！
2026-06-12 13:26:44 [INFO] CSC is loading...   Success！
2026-06-12 13:29:21 [INFO] CSC is loading...   Success！
2026-06-12 13:34:28 [INFO] CSC is loading...   Success！
2026-06-12 13:40:16 [INFO]    _____  _____  _____ 
2026-06-12 13:40:16 [INFO]   / ____|/ ____|/ ____|
2026-06-12 13:40:16 [INFO]  | |    | (___ | |        [CSC] Version: v0.21
2026-06-12 13:40:16 [INFO]  | |     \___ \| |        Minecraft Version: 1.20.1 forge
2026-06-12 13:40:16 [INFO]  | |____ ____) | |____    Problem/Feedback: Tencent QQ：1061133894
2026-06-12 13:40:16 [INFO]   \_____|_____/ \_____|
2026-06-12 13:40:16 [INFO]                        
2026-06-12 13:46:41 [INFO] CSC close completely, thanks for using!
2026-06-12 13:51:07 [INFO] CSC is loading...   Success！
2026-06-12 13:52:48 [INFO]    _____  _____  _____ 
2026-06-12 13:52:48 [INFO]   / ____|/ ____|/ ____|
2026-06-12 13:52:48 [INFO]  | |    | (___ | |        [CSC] Version: v0.21
2026-06-12 13:52:48 [INFO]  | |     \___ \| |        Minecraft Version: 1.20.1 forge
2026-06-12 13:52:48 [INFO]  | |____ ____) | |____    Problem/Feedback: Tencent QQ：1061133894
2026-06-12 13:52:48 [INFO]   \_____|_____/ \_____|
2026-06-12 13:52:48 [INFO]                        
2026-06-12 13:56:32 [INFO] CSC close completely, thanks for using!
2026-06-12 13:59:53 [INFO] CSC is loading...   Success！
2026-06-12 14:28:13 [INFO] CSC is loading...   Success！
2026-06-12 14:34:59 [INFO] CSC is loading...   Success！
2026-06-12 14:41:18 [INFO] CSC is loading...   Success！
2026-06-12 14:45:02 [INFO] CSC is loading...   Success！
2026-06-12 14:47:02 [INFO]    _____  _____  _____ 
2026-06-12 14:47:02 [INFO]   / ____|/ ____|/ ____|
2026-06-12 14:47:02 [INFO]  | |    | (___ | |        [CSC] Version: v0.21
2026-06-12 14:47:02 [INFO]  | |     \___ \| |        Minecraft Version: 1.20.1 forge
2026-06-12 14:47:02 [INFO]  | |____ ____) | |____    Problem/Feedback: Tencent QQ：1061133894
2026-06-12 14:47:02 [INFO]   \_____|_____/ \_____|
2026-06-12 14:47:02 [INFO]                        
2026-06-13 22:31:19 [INFO] CSC is loading...   Success！
2026-06-13 22:34:41 [INFO]    _____  _____  _____ 
2026-06-13 22:34:41 [INFO]   / ____|/ ____|/ ____|
2026-06-13 22:34:41 [INFO]  | |    | (___ | |        [CSC] Version: v0.21
2026-06-13 22:34:41 [INFO]  | |     \___ \| |        Minecraft Version: 1.20.1 forge
2026-06-13 22:34:41 [INFO]  | |____ ____) | |____    Problem/Feedback: Tencent QQ：1061133894
2026-06-13 22:34:41 [INFO]   \_____|_____/ \_____|
2026-06-13 22:34:41 [INFO]                        
2026-06-13 22:38:12 [INFO] CSC close completely, thanks for using!
2026-06-14 08:36:10 [INFO] CSC is loading...   Success！
2026-06-14 08:40:23 [INFO]    _____  _____  _____ 
2026-06-14 08:40:23 [INFO]   / ____|/ ____|/ ____|
2026-06-14 08:40:23 [INFO]  | |    | (___ | |        [CSC] Version: v0.21
2026-06-14 08:40:23 [INFO]  | |     \___ \| |        Minecraft Version: 1.20.1 forge
2026-06-14 08:40:23 [INFO]  | |____ ____) | |____    Problem/Feedback: Tencent QQ：1061133894
2026-06-14 08:40:23 [INFO]   \_____|_____/ \_____|
2026-06-14 08:40:23 [INFO]                        
2026-06-14 08:51:40 [INFO] CSC close completely, thanks for using!
2026-06-14 08:59:13 [INFO] CSC is loading...   Success！
2026-06-14 09:02:39 [INFO]    _____  _____  _____ 
2026-06-14 09:02:39 [INFO]   / ____|/ ____|/ ____|
2026-06-14 09:02:39 [INFO]  | |    | (___ | |        [CSC] Version: v0.21
2026-06-14 09:02:39 [INFO]  | |     \___ \| |        Minecraft Version: 1.20.1 forge
2026-06-14 09:02:39 [INFO]  | |____ ____) | |____    Problem/Feedback: Tencent QQ：1061133894
2026-06-14 09:02:39 [INFO]   \_____|_____/ \_____|
2026-06-14 09:02:39 [INFO]                        
2026-06-14 09:03:51 [INFO] CSC close completely, thanks for using!
2026-06-14 09:42:22 [INFO] CSC is loading...   Success！
2026-06-14 09:45:02 [INFO]    _____  _____  _____ 
2026-06-14 09:45:02 [INFO]   / ____|/ ____|/ ____|
2026-06-14 09:45:02 [INFO]  | |    | (___ | |        [CSC] Version: v0.21
2026-06-14 09:45:02 [INFO]  | |     \___ \| |        Minecraft Version: 1.20.1 forge
2026-06-14 09:45:02 [INFO]  | |____ ____) | |____    Problem/Feedback: Tencent QQ：1061133894
2026-06-14 09:45:02 [INFO]   \_____|_____/ \_____|
2026-06-14 09:45:02 [INFO]                        
2026-06-14 09:47:48 [INFO] CSC close completely, thanks for using!
2026-06-14 09:55:36 [INFO] CSC is loading...   Success！
2026-06-14 09:57:14 [INFO]    _____  _____  _____ 
2026-06-14 09:57:14 [INFO]   / ____|/ ____|/ ____|
2026-06-14 09:57:14 [INFO]  | |    | (___ | |        [CSC] Version: v0.21
2026-06-14 09:57:14 [INFO]  | |     \___ \| |        Minecraft Version: 1.20.1 forge
2026-06-14 09:57:14 [INFO]  | |____ ____) | |____    Problem/Feedback: Tencent QQ：1061133894
2026-06-14 09:57:14 [INFO]   \_____|_____/ \_____|
2026-06-14 09:57:14 [INFO]                        
2026-06-14 10:02:37 [INFO] CSC close completely, thanks for using!
2026-06-14 10:03:35 [INFO]    _____  _____  _____ 
2026-06-14 10:03:35 [INFO]   / ____|/ ____|/ ____|
2026-06-14 10:03:35 [INFO]  | |    | (___ | |        [CSC] Version: v0.21
2026-06-14 10:03:35 [INFO]  | |     \___ \| |        Minecraft Version: 1.20.1 forge
2026-06-14 10:03:35 [INFO]  | |____ ____) | |____    Problem/Feedback: Tencent QQ：1061133894
2026-06-14 10:03:35 [INFO]   \_____|_____/ \_____|
2026-06-14 10:03:35 [INFO]                        
2026-06-14 10:05:29 [INFO] CSC close completely, thanks for using!
2026-06-14 10:10:26 [INFO] CSC is loading...   Success！
2026-06-14 10:13:08 [INFO]    _____  _____  _____ 
2026-06-14 10:13:08 [INFO]   / ____|/ ____|/ ____|
2026-06-14 10:13:08 [INFO]  | |    | (___ | |        [CSC] Version: v0.21
2026-06-14 10:13:08 [INFO]  | |     \___ \| |        Minecraft Version: 1.20.1 forge
2026-06-14 10:13:08 [INFO]  | |____ ____) | |____    Problem/Feedback: Tencent QQ：1061133894
2026-06-14 10:13:08 [INFO]   \_____|_____/ \_____|
2026-06-14 10:13:08 [INFO]                        
2026-06-14 10:16:49 [INFO] CSC close completely, thanks for using!
2026-06-14 10:21:17 [INFO] CSC is loading...   Success！
2026-06-14 10:25:19 [INFO]    _____  _____  _____ 
2026-06-14 10:25:19 [INFO]   / ____|/ ____|/ ____|
2026-06-14 10:25:19 [INFO]  | |    | (___ | |        [CSC] Version: v0.21
2026-06-14 10:25:19 [INFO]  | |     \___ \| |        Minecraft Version: 1.20.1 forge
2026-06-14 10:25:19 [INFO]  | |____ ____) | |____    Problem/Feedback: Tencent QQ：1061133894
2026-06-14 10:25:19 [INFO]   \_____|_____/ \_____|
2026-06-14 10:25:19 [INFO]                        
2026-06-14 10:29:44 [INFO] CSC close completely, thanks for using!
2026-06-14 10:31:13 [INFO]    _____  _____  _____ 
2026-06-14 10:31:13 [INFO]   / ____|/ ____|/ ____|
2026-06-14 10:31:13 [INFO]  | |    | (___ | |        [CSC] Version: v0.21
2026-06-14 10:31:13 [INFO]  | |     \___ \| |        Minecraft Version: 1.20.1 forge
2026-06-14 10:31:13 [INFO]  | |____ ____) | |____    Problem/Feedback: Tencent QQ：1061133894
2026-06-14 10:31:13 [INFO]   \_____|_____/ \_____|
2026-06-14 10:31:13 [INFO]                        
2026-06-14 10:32:28 [INFO] CSC close completely, thanks for using!
2026-06-14 10:34:37 [INFO] CSC is loading...   Success！
2026-06-14 10:41:21 [INFO]    _____  _____  _____ 
2026-06-14 10:41:21 [INFO]   / ____|/ ____|/ ____|
2026-06-14 10:41:21 [INFO]  | |    | (___ | |        [CSC] Version: v0.21
2026-06-14 10:41:21 [INFO]  | |     \___ \| |        Minecraft Version: 1.20.1 forge
2026-06-14 10:41:21 [INFO]  | |____ ____) | |____    Problem/Feedback: Tencent QQ：1061133894
2026-06-14 10:41:21 [INFO]   \_____|_____/ \_____|
2026-06-14 10:41:21 [INFO]                        
2026-06-14 10:44:49 [INFO] CSC close completely, thanks for using!
2026-06-14 10:48:30 [INFO] CSC is loading...   Success！
2026-06-14 10:50:51 [INFO]    _____  _____  _____ 
2026-06-14 10:50:51 [INFO]   / ____|/ ____|/ ____|
2026-06-14 10:50:51 [INFO]  | |    | (___ | |        [CSC] Version: v0.21
2026-06-14 10:50:51 [INFO]  | |     \___ \| |        Minecraft Version: 1.20.1 forge
2026-06-14 10:50:51 [INFO]  | |____ ____) | |____    Problem/Feedback: Tencent QQ：1061133894
2026-06-14 10:50:51 [INFO]   \_____|_____/ \_____|
2026-06-14 10:50:51 [INFO]                        
2026-06-14 12:24:09 [INFO] CSC close completely, thanks for using!
2026-06-16 11:24:12 [INFO] CSC is loading...   Success！
2026-06-16 12:01:10 [INFO]    _____  _____  _____ 
2026-06-16 12:01:10 [INFO]   / ____|/ ____|/ ____|
2026-06-16 12:01:10 [INFO]  | |    | (___ | |        [CSC] Version: v0.21
2026-06-16 12:01:10 [INFO]  | |     \___ \| |        Minecraft Version: 1.20.1 forge
2026-06-16 12:01:10 [INFO]  | |____ ____) | |____    Problem/Feedback: Tencent QQ：1061133894
2026-06-16 12:01:10 [INFO]   \_____|_____/ \_____|
2026-06-16 12:01:10 [INFO]                        
2026-06-16 12:21:53 [INFO] CSC close completely, thanks for using!
2026-06-18 16:27:52 [INFO] CSC is loading...   Success！
2026-06-18 16:31:29 [INFO]    _____  _____  _____ 
2026-06-18 16:31:29 [INFO]   / ____|/ ____|/ ____|
2026-06-18 16:31:29 [INFO]  | |    | (___ | |        [CSC] Version: v0.21
2026-06-18 16:31:29 [INFO]  | |     \___ \| |        Minecraft Version: 1.20.1 forge
2026-06-18 16:31:29 [INFO]  | |____ ____) | |____    Problem/Feedback: Tencent QQ：1061133894
2026-06-18 16:31:29 [INFO]   \_____|_____/ \_____|
2026-06-18 16:31:29 [INFO]                        
2026-06-18 16:57:11 [INFO] CSC is loading...   Success！
2026-06-18 17:01:00 [INFO]    _____  _____  _____ 
2026-06-18 17:01:00 [INFO]   / ____|/ ____|/ ____|
2026-06-18 17:01:00 [INFO]  | |    | (___ | |        [CSC] Version: v0.21
2026-06-18 17:01:00 [INFO]  | |     \___ \| |        Minecraft Version: 1.20.1 forge
2026-06-18 17:01:00 [INFO]  | |____ ____) | |____    Problem/Feedback: Tencent QQ：1061133894
2026-06-18 17:01:00 [INFO]   \_____|_____/ \_____|
2026-06-18 17:01:00 [INFO]                        
2026-06-18 19:00:22 [INFO] CSC close completely, thanks for using!
2026-06-18 22:13:14 [INFO] CSC is loading...   Success！
2026-06-18 22:14:45 [INFO]    _____  _____  _____ 
2026-06-18 22:14:45 [INFO]   / ____|/ ____|/ ____|
2026-06-18 22:14:45 [INFO]  | |    | (___ | |        [CSC] Version: v0.21
2026-06-18 22:14:45 [INFO]  | |     \___ \| |        Minecraft Version: 1.20.1 forge
2026-06-18 22:14:45 [INFO]  | |____ ____) | |____    Problem/Feedback: Tencent QQ：1061133894
2026-06-18 22:14:45 [INFO]   \_____|_____/ \_____|
2026-06-18 22:14:45 [INFO]                        
2026-06-18 23:02:55 [INFO] CSC close completely, thanks for using!
2026-06-22 20:02:53 [INFO] CSC is loading...   Success！
2026-06-22 20:04:42 [INFO]    _____  _____  _____ 
2026-06-22 20:04:42 [INFO]   / ____|/ ____|/ ____|
2026-06-22 20:04:42 [INFO]  | |    | (___ | |        [CSC] Version: v0.21
2026-06-22 20:04:42 [INFO]  | |     \___ \| |        Minecraft Version: 1.20.1 forge
2026-06-22 20:04:42 [INFO]  | |____ ____) | |____    Problem/Feedback: Tencent QQ：1061133894
2026-06-22 20:04:42 [INFO]   \_____|_____/ \_____|
2026-06-22 20:04:42 [INFO]                        
2026-06-22 20:08:19 [INFO] CSC close completely, thanks for using!
2026-06-22 20:10:33 [INFO] CSC is loading...   Success！
2026-06-22 20:14:48 [INFO] CSC is loading...   Success！
2026-06-22 22:32:15 [INFO] CSC is loading...   Success！
2026-06-22 22:37:59 [INFO]    _____  _____  _____ 
2026-06-22 22:37:59 [INFO]   / ____|/ ____|/ ____|
2026-06-22 22:37:59 [INFO]  | |    | (___ | |        [CSC] Version: v0.21
2026-06-22 22:37:59 [INFO]  | |     \___ \| |        Minecraft Version: 1.20.1 forge
2026-06-22 22:37:59 [INFO]  | |____ ____) | |____    Problem/Feedback: Tencent QQ：1061133894
2026-06-22 22:37:59 [INFO]   \_____|_____/ \_____|
2026-06-22 22:37:59 [INFO]                        
2026-06-22 22:43:16 [INFO] CSC close completely, thanks for using!
2026-06-22 22:44:39 [INFO]    _____  _____  _____ 
2026-06-22 22:44:39 [INFO]   / ____|/ ____|/ ____|
2026-06-22 22:44:39 [INFO]  | |    | (___ | |        [CSC] Version: v0.21
2026-06-22 22:44:39 [INFO]  | |     \___ \| |        Minecraft Version: 1.20.1 forge
2026-06-22 22:44:39 [INFO]  | |____ ____) | |____    Problem/Feedback: Tencent QQ：1061133894
2026-06-22 22:44:39 [INFO]   \_____|_____/ \_____|
2026-06-22 22:44:39 [INFO]                        
2026-06-22 22:50:05 [INFO] CSC close completely, thanks for using!
2026-06-23 11:12:20 [INFO] CSC is loading...   Success！
2026-06-23 11:14:06 [INFO]    _____  _____  _____ 
2026-06-23 11:14:06 [INFO]   / ____|/ ____|/ ____|
2026-06-23 11:14:06 [INFO]  | |    | (___ | |        [CSC] Version: v0.21
2026-06-23 11:14:06 [INFO]  | |     \___ \| |        Minecraft Version: 1.20.1 forge
2026-06-23 11:14:06 [INFO]  | |____ ____) | |____    Problem/Feedback: Tencent QQ：1061133894
2026-06-23 11:14:06 [INFO]   \_____|_____/ \_____|
2026-06-23 11:14:06 [INFO]                        
2026-06-23 11:18:28 [INFO] CSC close completely, thanks for using!
2026-06-23 11:20:04 [INFO]    _____  _____  _____ 
2026-06-23 11:20:04 [INFO]   / ____|/ ____|/ ____|
2026-06-23 11:20:04 [INFO]  | |    | (___ | |        [CSC] Version: v0.21
2026-06-23 11:20:04 [INFO]  | |     \___ \| |        Minecraft Version: 1.20.1 forge
2026-06-23 11:20:04 [INFO]  | |____ ____) | |____    Problem/Feedback: Tencent QQ：1061133894
2026-06-23 11:20:04 [INFO]   \_____|_____/ \_____|
2026-06-23 11:20:04 [INFO]                        
2026-06-23 11:29:06 [INFO] CSC close completely, thanks for using!
2026-06-23 11:30:51 [INFO] CSC is loading...   Success！
2026-06-23 11:34:22 [INFO]    _____  _____  _____ 
2026-06-23 11:34:22 [INFO]   / ____|/ ____|/ ____|
2026-06-23 11:34:22 [INFO]  | |    | (___ | |        [CSC] Version: v0.21
2026-06-23 11:34:22 [INFO]  | |     \___ \| |        Minecraft Version: 1.20.1 forge
2026-06-23 11:34:22 [INFO]  | |____ ____) | |____    Problem/Feedback: Tencent QQ：1061133894
2026-06-23 11:34:22 [INFO]   \_____|_____/ \_____|
2026-06-23 11:34:22 [INFO]                        
2026-06-23 11:50:30 [INFO] CSC close completely, thanks for using!
2026-06-23 11:51:36 [INFO]    _____  _____  _____ 
2026-06-23 11:51:36 [INFO]   / ____|/ ____|/ ____|
2026-06-23 11:51:36 [INFO]  | |    | (___ | |        [CSC] Version: v0.21
2026-06-23 11:51:36 [INFO]  | |     \___ \| |        Minecraft Version: 1.20.1 forge
2026-06-23 11:51:36 [INFO]  | |____ ____) | |____    Problem/Feedback: Tencent QQ：1061133894
2026-06-23 11:51:36 [INFO]   \_____|_____/ \_____|
2026-06-23 11:51:36 [INFO]                        
2026-06-23 11:59:48 [INFO] CSC close completely, thanks for using!
2026-06-23 12:00:21 [INFO]    _____  _____  _____ 
2026-06-23 12:00:21 [INFO]   / ____|/ ____|/ ____|
2026-06-23 12:00:21 [INFO]  | |    | (___ | |        [CSC] Version: v0.21
2026-06-23 12:00:21 [INFO]  | |     \___ \| |        Minecraft Version: 1.20.1 forge
2026-06-23 12:00:21 [INFO]  | |____ ____) | |____    Problem/Feedback: Tencent QQ：1061133894
2026-06-23 12:00:21 [INFO]   \_____|_____/ \_____|
2026-06-23 12:00:21 [INFO]                        
2026-06-23 12:03:42 [INFO] CSC close completely, thanks for using!
2026-06-23 12:05:04 [INFO]    _____  _____  _____ 
2026-06-23 12:05:04 [INFO]   / ____|/ ____|/ ____|
2026-06-23 12:05:04 [INFO]  | |    | (___ | |        [CSC] Version: v0.21
2026-06-23 12:05:04 [INFO]  | |     \___ \| |        Minecraft Version: 1.20.1 forge
2026-06-23 12:05:04 [INFO]  | |____ ____) | |____    Problem/Feedback: Tencent QQ：1061133894
2026-06-23 12:05:04 [INFO]   \_____|_____/ \_____|
2026-06-23 12:05:04 [INFO]                        
2026-06-24 20:07:32 [INFO] CSC is loading...   Success！
2026-06-25 16:30:22 [INFO] CSC is loading...   Success！
2026-06-25 16:32:54 [INFO]    _____  _____  _____ 
2026-06-25 16:32:54 [INFO]   / ____|/ ____|/ ____|
2026-06-25 16:32:54 [INFO]  | |    | (___ | |        [CSC] Version: v0.21
2026-06-25 16:32:54 [INFO]  | |     \___ \| |        Minecraft Version: 1.20.1 forge
2026-06-25 16:32:54 [INFO]  | |____ ____) | |____    Problem/Feedback: Tencent QQ：1061133894
2026-06-25 16:32:54 [INFO]   \_____|_____/ \_____|
2026-06-25 16:32:54 [INFO]                        
2026-06-25 16:45:31 [INFO] CSC close completely, thanks for using!
2026-06-25 16:50:37 [INFO]    _____  _____  _____ 
2026-06-25 16:50:37 [INFO]   / ____|/ ____|/ ____|
2026-06-25 16:50:37 [INFO]  | |    | (___ | |        [CSC] Version: v0.21
2026-06-25 16:50:37 [INFO]  | |     \___ \| |        Minecraft Version: 1.20.1 forge
2026-06-25 16:50:37 [INFO]  | |____ ____) | |____    Problem/Feedback: Tencent QQ：1061133894
2026-06-25 16:50:37 [INFO]   \_____|_____/ \_____|
2026-06-25 16:50:37 [INFO]                        
2026-06-25 17:05:31 [INFO] CSC close completely, thanks for using!
2026-06-25 17:16:53 [INFO] CSC is loading...   Success！
2026-06-25 17:18:26 [INFO]    _____  _____  _____ 
2026-06-25 17:18:26 [INFO]   / ____|/ ____|/ ____|
2026-06-25 17:18:26 [INFO]  | |    | (___ | |        [CSC] Version: v0.21
2026-06-25 17:18:26 [INFO]  | |     \___ \| |        Minecraft Version: 1.20.1 forge
2026-06-25 17:18:26 [INFO]  | |____ ____) | |____    Problem/Feedback: Tencent QQ：1061133894
2026-06-25 17:18:26 [INFO]   \_____|_____/ \_____|
2026-06-25 17:18:26 [INFO]                        
2026-06-25 18:29:15 [INFO] CSC close completely, thanks for using!
2026-07-01 16:37:02 [INFO] CSC is loading...   Success！
2026-07-01 16:41:11 [INFO]    _____  _____  _____ 
2026-07-01 16:41:11 [INFO]   / ____|/ ____|/ ____|
2026-07-01 16:41:11 [INFO]  | |    | (___ | |        [CSC] Version: v0.21
2026-07-01 16:41:11 [INFO]  | |     \___ \| |        Minecraft Version: 1.20.1 forge
2026-07-01 16:41:11 [INFO]  | |____ ____) | |____    Problem/Feedback: Tencent QQ：1061133894
2026-07-01 16:41:11 [INFO]   \_____|_____/ \_____|
2026-07-01 16:41:11 [INFO]                        
2026-07-01 16:51:27 [INFO] CSC close completely, thanks for using!
2026-07-01 16:58:45 [INFO] CSC is loading...   Success！
2026-07-01 17:03:11 [INFO]    _____  _____  _____ 
2026-07-01 17:03:11 [INFO]   / ____|/ ____|/ ____|
2026-07-01 17:03:11 [INFO]  | |    | (___ | |        [CSC] Version: v0.21
2026-07-01 17:03:11 [INFO]  | |     \___ \| |        Minecraft Version: 1.20.1 forge
2026-07-01 17:03:11 [INFO]  | |____ ____) | |____    Problem/Feedback: Tencent QQ：1061133894
2026-07-01 17:03:11 [INFO]   \_____|_____/ \_____|
2026-07-01 17:03:11 [INFO]                        
2026-07-01 17:09:02 [INFO] CSC close completely, thanks for using!
2026-07-01 17:13:04 [INFO] CSC is loading...   Success！
2026-07-01 17:17:48 [INFO]    _____  _____  _____ 
2026-07-01 17:17:48 [INFO]   / ____|/ ____|/ ____|
2026-07-01 17:17:48 [INFO]  | |    | (___ | |        [CSC] Version: v0.21
2026-07-01 17:17:48 [INFO]  | |     \___ \| |        Minecraft Version: 1.20.1 forge
2026-07-01 17:17:48 [INFO]  | |____ ____) | |____    Problem/Feedback: Tencent QQ：1061133894
2026-07-01 17:17:48 [INFO]   \_____|_____/ \_____|
2026-07-01 17:17:48 [INFO]                        
2026-07-01 17:19:19 [INFO] CSC close completely, thanks for using!
2026-07-01 17:21:46 [INFO] CSC is loading...   Success！
2026-07-01 17:23:08 [INFO]    _____  _____  _____ 
2026-07-01 17:23:08 [INFO]   / ____|/ ____|/ ____|
2026-07-01 17:23:08 [INFO]  | |    | (___ | |        [CSC] Version: v0.21
2026-07-01 17:23:08 [INFO]  | |     \___ \| |        Minecraft Version: 1.20.1 forge
2026-07-01 17:23:08 [INFO]  | |____ ____) | |____    Problem/Feedback: Tencent QQ：1061133894
2026-07-01 17:23:08 [INFO]   \_____|_____/ \_____|
2026-07-01 17:23:08 [INFO]                        
2026-07-01 18:33:32 [INFO] CSC close completely, thanks for using!
2026-07-08 10:23:57 [INFO] CSC is loading...   Success！
2026-07-08 10:25:40 [INFO]    _____  _____  _____ 
2026-07-08 10:25:40 [INFO]   / ____|/ ____|/ ____|
2026-07-08 10:25:40 [INFO]  | |    | (___ | |        [CSC] Version: v0.21
2026-07-08 10:25:40 [INFO]  | |     \___ \| |        Minecraft Version: 1.20.1 forge
2026-07-08 10:25:40 [INFO]  | |____ ____) | |____    Problem/Feedback: Tencent QQ：1061133894
2026-07-08 10:25:40 [INFO]   \_____|_____/ \_____|
2026-07-08 10:25:40 [INFO]                        
2026-07-08 10:28:52 [INFO] CSC close completely, thanks for using!
2026-07-16 21:15:12 [INFO] CSC is loading...   Success！
2026-07-16 21:23:34 [INFO] CSC is loading...   Success！
2026-07-16 21:25:13 [INFO]    _____  _____  _____ 
2026-07-16 21:25:13 [INFO]   / ____|/ ____|/ ____|
2026-07-16 21:25:13 [INFO]  | |    | (___ | |        [CSC] Version: v0.21
2026-07-16 21:25:13 [INFO]  | |     \___ \| |        Minecraft Version: 1.20.1 forge
2026-07-16 21:25:13 [INFO]  | |____ ____) | |____    Problem/Feedback: Tencent QQ：1061133894
2026-07-16 21:25:13 [INFO]   \_____|_____/ \_____|
2026-07-16 21:25:13 [INFO]                        
2026-07-16 21:48:42 [INFO] CSC close completely, thanks for using!
2026-07-22 11:34:42 [INFO] CSC is loading...   Success！
2026-07-22 11:52:32 [INFO]    _____  _____  _____ 
2026-07-22 11:52:32 [INFO]   / ____|/ ____|/ ____|
2026-07-22 11:52:32 [INFO]  | |    | (___ | |        [CSC] Version: v0.21
2026-07-22 11:52:32 [INFO]  | |     \___ \| |        Minecraft Version: 1.20.1 forge
2026-07-22 11:52:32 [INFO]  | |____ ____) | |____    Problem/Feedback: Tencent QQ：1061133894
2026-07-22 11:52:32 [INFO]   \_____|_____/ \_____|
2026-07-22 11:52:32 [INFO]                        
2026-07-22 11:54:55 [INFO] CSC close completely, thanks for using!
2026-07-22 11:57:10 [INFO] CSC is loading...   Success！
2026-07-22 12:00:07 [INFO]    _____  _____  _____ 
2026-07-22 12:00:07 [INFO]   / ____|/ ____|/ ____|
2026-07-22 12:00:07 [INFO]  | |    | (___ | |        [CSC] Version: v0.21
2026-07-22 12:00:07 [INFO]  | |     \___ \| |        Minecraft Version: 1.20.1 forge
2026-07-22 12:00:07 [INFO]  | |____ ____) | |____    Problem/Feedback: Tencent QQ：1061133894
2026-07-22 12:00:07 [INFO]   \_____|_____/ \_____|
2026-07-22 12:00:07 [INFO]                        
2026-07-22 12:03:22 [INFO] CSC close completely, thanks for using!
2026-07-22 12:07:04 [INFO] CSC is loading...   Success！
2026-07-22 12:08:42 [INFO]    _____  _____  _____ 
2026-07-22 12:08:42 [INFO]   / ____|/ ____|/ ____|
2026-07-22 12:08:42 [INFO]  | |    | (___ | |        [CSC] Version: v0.21
2026-07-22 12:08:42 [INFO]  | |     \___ \| |        Minecraft Version: 1.20.1 forge
2026-07-22 12:08:42 [INFO]  | |____ ____) | |____    Problem/Feedback: Tencent QQ：1061133894
2026-07-22 12:08:42 [INFO]   \_____|_____/ \_____|
2026-07-22 12:08:42 [INFO]                        
2026-07-22 12:16:15 [INFO] CSC close completely, thanks for using!
2026-07-22 13:38:40 [INFO] CSC is loading...   Success！
2026-07-22 13:51:36 [INFO] CSC is loading...   Success！
2026-07-22 14:01:25 [INFO] CSC is loading...   Success！
2026-07-22 14:04:57 [INFO] CSC is loading...   Success！
2026-07-22 14:18:49 [INFO] CSC is loading...   Success！
2026-07-22 14:23:27 [INFO] CSC is loading...   Success！
2026-07-22 14:27:07 [INFO]    _____  _____  _____ 
2026-07-22 14:27:07 [INFO]   / ____|/ ____|/ ____|
2026-07-22 14:27:07 [INFO]  | |    | (___ | |        [CSC] Version: v0.21
2026-07-22 14:27:07 [INFO]  | |     \___ \| |        Minecraft Version: 1.20.1 forge
2026-07-22 14:27:07 [INFO]  | |____ ____) | |____    Problem/Feedback: Tencent QQ：1061133894
2026-07-22 14:27:07 [INFO]   \_____|_____/ \_____|
2026-07-22 14:27:07 [INFO]                        
2026-07-22 14:30:14 [INFO] CSC close completely, thanks for using!
2026-07-22 14:31:51 [INFO] CSC is loading...   Success！
2026-07-22 14:34:13 [INFO]    _____  _____  _____ 
2026-07-22 14:34:13 [INFO]   / ____|/ ____|/ ____|
2026-07-22 14:34:13 [INFO]  | |    | (___ | |        [CSC] Version: v0.21
2026-07-22 14:34:13 [INFO]  | |     \___ \| |        Minecraft Version: 1.20.1 forge
2026-07-22 14:34:13 [INFO]  | |____ ____) | |____    Problem/Feedback: Tencent QQ：1061133894
2026-07-22 14:34:13 [INFO]   \_____|_____/ \_____|
2026-07-22 14:34:13 [INFO]                        
2026-07-22 14:52:16 [INFO] CSC is loading...   Success！
2026-07-22 14:54:06 [INFO]    _____  _____  _____ 
2026-07-22 14:54:06 [INFO]   / ____|/ ____|/ ____|
2026-07-22 14:54:06 [INFO]  | |    | (___ | |        [CSC] Version: v0.21
2026-07-22 14:54:06 [INFO]  | |     \___ \| |        Minecraft Version: 1.20.1 forge
2026-07-22 14:54:06 [INFO]  | |____ ____) | |____    Problem/Feedback: Tencent QQ：1061133894
2026-07-22 14:54:06 [INFO]   \_____|_____/ \_____|
2026-07-22 14:54:06 [INFO]                        
2026-07-22 14:59:56 [INFO] CSC is loading...   Success！
2026-07-22 15:01:37 [INFO]    _____  _____  _____ 
2026-07-22 15:01:37 [INFO]   / ____|/ ____|/ ____|
2026-07-22 15:01:37 [INFO]  | |    | (___ | |        [CSC] Version: v0.21
2026-07-22 15:01:37 [INFO]  | |     \___ \| |        Minecraft Version: 1.20.1 forge
2026-07-22 15:01:37 [INFO]  | |____ ____) | |____    Problem/Feedback: Tencent QQ：1061133894
2026-07-22 15:01:37 [INFO]   \_____|_____/ \_____|
2026-07-22 15:01:37 [INFO]                        
2026-07-22 15:20:49 [INFO] CSC is loading...   Success！
2026-07-22 15:26:08 [INFO]    _____  _____  _____ 
2026-07-22 15:26:08 [INFO]   / ____|/ ____|/ ____|
2026-07-22 15:26:08 [INFO]  | |    | (___ | |        [CSC] Version: v0.21
2026-07-22 15:26:08 [INFO]  | |     \___ \| |        Minecraft Version: 1.20.1 forge
2026-07-22 15:26:08 [INFO]  | |____ ____) | |____    Problem/Feedback: Tencent QQ：1061133894
2026-07-22 15:26:08 [INFO]   \_____|_____/ \_____|
2026-07-22 15:26:08 [INFO]                        
2026-07-22 15:45:41 [INFO] CSC close completely, thanks for using!
2026-07-23 07:01:09 [INFO] CSC is loading...   Success！
2026-07-23 07:02:52 [INFO]    _____  _____  _____ 
2026-07-23 07:02:52 [INFO]   / ____|/ ____|/ ____|
2026-07-23 07:02:52 [INFO]  | |    | (___ | |        [CSC] Version: v0.21
2026-07-23 07:02:52 [INFO]  | |     \___ \| |        Minecraft Version: 1.20.1 forge
2026-07-23 07:02:52 [INFO]  | |____ ____) | |____    Problem/Feedback: Tencent QQ：1061133894
2026-07-23 07:02:52 [INFO]   \_____|_____/ \_____|
2026-07-23 07:02:52 [INFO]                        
2026-07-23 07:33:30 [INFO] CSC is loading...   Success！
2026-07-23 17:44:05 [INFO] CSC is loading...   Success！
2026-07-23 17:52:08 [INFO] CSC is loading...   Success！
2026-07-23 17:59:39 [INFO]    _____  _____  _____ 
2026-07-23 17:59:39 [INFO]   / ____|/ ____|/ ____|
2026-07-23 17:59:39 [INFO]  | |    | (___ | |        [CSC] Version: v0.21
2026-07-23 17:59:39 [INFO]  | |     \___ \| |        Minecraft Version: 1.20.1 forge
2026-07-23 17:59:39 [INFO]  | |____ ____) | |____    Problem/Feedback: Tencent QQ：1061133894
2026-07-23 17:59:39 [INFO]   \_____|_____/ \_____|
2026-07-23 17:59:39 [INFO]                        
2026-07-23 18:02:28 [INFO] CSC close completely, thanks for using!
2026-07-23 18:07:28 [INFO] CSC is loading...   Success！
2026-07-23 18:13:44 [INFO] CSC is loading...   Success！
2026-07-23 18:17:24 [INFO]    _____  _____  _____ 
2026-07-23 18:17:24 [INFO]   / ____|/ ____|/ ____|
2026-07-23 18:17:24 [INFO]  | |    | (___ | |        [CSC] Version: v0.21
2026-07-23 18:17:24 [INFO]  | |     \___ \| |        Minecraft Version: 1.20.1 forge
2026-07-23 18:17:24 [INFO]  | |____ ____) | |____    Problem/Feedback: Tencent QQ：1061133894
2026-07-23 18:17:24 [INFO]   \_____|_____/ \_____|
2026-07-23 18:17:24 [INFO]                        
2026-07-23 18:36:19 [INFO] CSC close completely, thanks for using!
2026-07-23 18:39:11 [INFO] CSC is loading...   Success！
2026-07-23 18:40:59 [INFO]    _____  _____  _____ 
2026-07-23 18:40:59 [INFO]   / ____|/ ____|/ ____|
2026-07-23 18:40:59 [INFO]  | |    | (___ | |        [CSC] Version: v0.21
2026-07-23 18:40:59 [INFO]  | |     \___ \| |        Minecraft Version: 1.20.1 forge
2026-07-23 18:40:59 [INFO]  | |____ ____) | |____    Problem/Feedback: Tencent QQ：1061133894
2026-07-23 18:40:59 [INFO]   \_____|_____/ \_____|
2026-07-23 18:40:59 [INFO]                        
2026-07-23 18:46:24 [INFO] CSC close completely, thanks for using!
2026-07-24 11:26:53 [INFO] CSC is loading...   Success！
2026-07-24 11:42:16 [INFO] CSC is loading...   Success！
2026-07-24 11:45:52 [INFO]    _____  _____  _____ 
2026-07-24 11:45:52 [INFO]   / ____|/ ____|/ ____|
2026-07-24 11:45:52 [INFO]  | |    | (___ | |        [CSC] Version: v0.21
2026-07-24 11:45:52 [INFO]  | |     \___ \| |        Minecraft Version: 1.20.1 forge
2026-07-24 11:45:52 [INFO]  | |____ ____) | |____    Problem/Feedback: Tencent QQ：1061133894
2026-07-24 11:45:52 [INFO]   \_____|_____/ \_____|
2026-07-24 11:45:52 [INFO]                        
2026-07-24 12:05:18 [INFO] CSC close completely, thanks for using!
2026-07-24 12:18:15 [INFO] CSC is loading...   Success！
2026-07-24 12:20:01 [INFO]    _____  _____  _____ 
2026-07-24 12:20:01 [INFO]   / ____|/ ____|/ ____|
2026-07-24 12:20:01 [INFO]  | |    | (___ | |        [CSC] Version: v0.21
2026-07-24 12:20:01 [INFO]  | |     \___ \| |        Minecraft Version: 1.20.1 forge
2026-07-24 12:20:01 [INFO]  | |____ ____) | |____    Problem/Feedback: Tencent QQ：1061133894
2026-07-24 12:20:01 [INFO]   \_____|_____/ \_____|
2026-07-24 12:20:01 [INFO]                        
2026-07-24 15:29:43 [INFO] CSC close completely, thanks for using!
2026-07-24 15:37:14 [INFO] CSC is loading...   Success！
2026-07-24 15:38:40 [INFO]    _____  _____  _____ 
2026-07-24 15:38:40 [INFO]   / ____|/ ____|/ ____|
2026-07-24 15:38:40 [INFO]  | |    | (___ | |        [CSC] Version: v0.21
2026-07-24 15:38:40 [INFO]  | |     \___ \| |        Minecraft Version: 1.20.1 forge
2026-07-24 15:38:40 [INFO]  | |____ ____) | |____    Problem/Feedback: Tencent QQ：1061133894
2026-07-24 15:38:40 [INFO]   \_____|_____/ \_____|
2026-07-24 15:38:40 [INFO]                        
2026-07-24 15:40:08 [INFO] CSC close completely, thanks for using!
2026-07-24 15:42:14 [INFO] CSC is loading...   Success！
2026-07-24 15:43:43 [INFO]    _____  _____  _____ 
2026-07-24 15:43:43 [INFO]   / ____|/ ____|/ ____|
2026-07-24 15:43:43 [INFO]  | |    | (___ | |        [CSC] Version: v0.21
2026-07-24 15:43:43 [INFO]  | |     \___ \| |        Minecraft Version: 1.20.1 forge
2026-07-24 15:43:43 [INFO]  | |____ ____) | |____    Problem/Feedback: Tencent QQ：1061133894
2026-07-24 15:43:43 [INFO]   \_____|_____/ \_____|
2026-07-24 15:43:43 [INFO]                        
2026-07-24 16:32:37 [INFO] CSC close completely, thanks for using!
2026-07-24 16:37:13 [INFO]    _____  _____  _____ 
2026-07-24 16:37:13 [INFO]   / ____|/ ____|/ ____|
2026-07-24 16:37:13 [INFO]  | |    | (___ | |        [CSC] Version: v0.21
2026-07-24 16:37:13 [INFO]  | |     \___ \| |        Minecraft Version: 1.20.1 forge
2026-07-24 16:37:13 [INFO]  | |____ ____) | |____    Problem/Feedback: Tencent QQ：1061133894
2026-07-24 16:37:13 [INFO]   \_____|_____/ \_____|
2026-07-24 16:37:13 [INFO]                        
2026-07-24 16:41:24 [INFO] CSC close completely, thanks for using!
2026-07-24 21:06:49 [INFO] CSC is loading...   Success！
2026-07-24 21:09:44 [INFO]    _____  _____  _____ 
2026-07-24 21:09:44 [INFO]   / ____|/ ____|/ ____|
2026-07-24 21:09:44 [INFO]  | |    | (___ | |        [CSC] Version: v0.21
2026-07-24 21:09:44 [INFO]  | |     \___ \| |        Minecraft Version: 1.20.1 forge
2026-07-24 21:09:44 [INFO]  | |____ ____) | |____    Problem/Feedback: Tencent QQ：1061133894
2026-07-24 21:09:44 [INFO]   \_____|_____/ \_____|
2026-07-24 21:09:44 [INFO]                        
2026-07-24 21:19:23 [INFO] CSC close completely, thanks for using!
2026-07-24 21:20:20 [INFO]    _____  _____  _____ 
2026-07-24 21:20:20 [INFO]   / ____|/ ____|/ ____|
2026-07-24 21:20:20 [INFO]  | |    | (___ | |        [CSC] Version: v0.21
2026-07-24 21:20:20 [INFO]  | |     \___ \| |        Minecraft Version: 1.20.1 forge
2026-07-24 21:20:20 [INFO]  | |____ ____) | |____    Problem/Feedback: Tencent QQ：1061133894
2026-07-24 21:20:20 [INFO]   \_____|_____/ \_____|
2026-07-24 21:20:20 [INFO]                        
2026-07-24 23:00:52 [INFO] CSC close completely, thanks for using!
2026-07-26 16:35:25 [INFO] CSC is loading...   Success！
2026-07-26 16:38:10 [INFO]    _____  _____  _____ 
2026-07-26 16:38:10 [INFO]   / ____|/ ____|/ ____|
2026-07-26 16:38:10 [INFO]  | |    | (___ | |        [CSC] Version: v0.21
2026-07-26 16:38:10 [INFO]  | |     \___ \| |        Minecraft Version: 1.20.1 forge
2026-07-26 16:38:10 [INFO]  | |____ ____) | |____    Problem/Feedback: Tencent QQ：1061133894
2026-07-26 16:38:10 [INFO]   \_____|_____/ \_____|
2026-07-26 16:38:10 [INFO]                        
2026-07-26 16:42:34 [INFO] CSC close completely, thanks for using!
2026-07-26 16:42:56 [INFO]    _____  _____  _____ 
2026-07-26 16:42:56 [INFO]   / ____|/ ____|/ ____|
2026-07-26 16:42:56 [INFO]  | |    | (___ | |        [CSC] Version: v0.21
2026-07-26 16:42:56 [INFO]  | |     \___ \| |        Minecraft Version: 1.20.1 forge
2026-07-26 16:42:56 [INFO]  | |____ ____) | |____    Problem/Feedback: Tencent QQ：1061133894
2026-07-26 16:42:56 [INFO]   \_____|_____/ \_____|
2026-07-26 16:42:56 [INFO]                        
2026-07-26 17:48:21 [INFO] CSC close completely, thanks for using!
2026-07-27 16:50:15 [INFO] CSC is loading...   Success！
2026-07-27 17:00:04 [INFO]    _____  _____  _____ 
2026-07-27 17:00:04 [INFO]   / ____|/ ____|/ ____|
2026-07-27 17:00:04 [INFO]  | |    | (___ | |        [CSC] Version: v0.21
2026-07-27 17:00:04 [INFO]  | |     \___ \| |        Minecraft Version: 1.20.1 forge
2026-07-27 17:00:04 [INFO]  | |____ ____) | |____    Problem/Feedback: Tencent QQ：1061133894
2026-07-27 17:00:04 [INFO]   \_____|_____/ \_____|
2026-07-27 17:00:04 [INFO]                        
2026-07-27 17:22:47 [INFO] CSC close completely, thanks for using!
2026-07-27 18:51:21 [INFO] CSC is loading...   Success！
2026-07-27 19:10:00 [INFO] CSC is loading...   Success！
2026-07-27 19:13:18 [INFO]    _____  _____  _____ 
2026-07-27 19:13:18 [INFO]   / ____|/ ____|/ ____|
2026-07-27 19:13:18 [INFO]  | |    | (___ | |        [CSC] Version: v0.21
2026-07-27 19:13:18 [INFO]  | |     \___ \| |        Minecraft Version: 1.20.1 forge
2026-07-27 19:13:18 [INFO]  | |____ ____) | |____    Problem/Feedback: Tencent QQ：1061133894
2026-07-27 19:13:18 [INFO]   \_____|_____/ \_____|
2026-07-27 19:13:18 [INFO]                        
2026-07-27 21:04:17 [INFO] CSC close completely, thanks for using!
2026-07-27 21:04:49 [INFO]    _____  _____  _____ 
2026-07-27 21:04:49 [INFO]   / ____|/ ____|/ ____|
2026-07-27 21:04:49 [INFO]  | |    | (___ | |        [CSC] Version: v0.21
2026-07-27 21:04:49 [INFO]  | |     \___ \| |        Minecraft Version: 1.20.1 forge
2026-07-27 21:04:49 [INFO]  | |____ ____) | |____    Problem/Feedback: Tencent QQ：1061133894
2026-07-27 21:04:49 [INFO]   \_____|_____/ \_____|
2026-07-27 21:04:49 [INFO]                        
2026-07-27 21:05:24 [INFO] CSC close completely, thanks for using!
2026-07-28 00:00:31 [INFO] CSC is loading...   Success！
2026-07-28 00:37:46 [INFO]    _____  _____  _____ 
2026-07-28 00:37:46 [INFO]   / ____|/ ____|/ ____|
2026-07-28 00:37:46 [INFO]  | |    | (___ | |        [CSC] Version: v0.21
2026-07-28 00:37:46 [INFO]  | |     \___ \| |        Minecraft Version: 1.20.1 forge
2026-07-28 00:37:46 [INFO]  | |____ ____) | |____    Problem/Feedback: Tencent QQ：1061133894
2026-07-28 00:37:46 [INFO]   \_____|_____/ \_____|
2026-07-28 00:37:46 [INFO]                        
2026-07-28 10:56:12 [INFO] CSC is loading...   Success！
2026-07-28 11:23:36 [INFO]    _____  _____  _____ 
2026-07-28 11:23:36 [INFO]   / ____|/ ____|/ ____|
2026-07-28 11:23:36 [INFO]  | |    | (___ | |        [CSC] Version: v0.21
2026-07-28 11:23:36 [INFO]  | |     \___ \| |        Minecraft Version: 1.20.1 forge
2026-07-28 11:23:36 [INFO]  | |____ ____) | |____    Problem/Feedback: Tencent QQ：1061133894
2026-07-28 11:23:36 [INFO]   \_____|_____/ \_____|
2026-07-28 11:23:36 [INFO]                        
2026-07-28 12:10:57 [INFO] CSC close completely, thanks for using!
2026-07-29 10:30:30 [INFO] CSC is loading...   Success！
2026-07-29 11:00:11 [INFO] CSC is loading...   Success！
2026-07-29 11:12:14 [INFO]    _____  _____  _____ 
2026-07-29 11:12:14 [INFO]   / ____|/ ____|/ ____|
2026-07-29 11:12:14 [INFO]  | |    | (___ | |        [CSC] Version: v0.21
2026-07-29 11:12:14 [INFO]  | |     \___ \| |        Minecraft Version: 1.20.1 forge
2026-07-29 11:12:14 [INFO]  | |____ ____) | |____    Problem/Feedback: Tencent QQ：1061133894
2026-07-29 11:12:14 [INFO]   \_____|_____/ \_____|
2026-07-29 11:12:14 [INFO]                        
2026-07-29 11:22:29 [INFO] CSC close completely, thanks for using!
2026-07-29 11:25:19 [INFO] CSC is loading...   Success！
2026-07-29 11:43:24 [INFO]    _____  _____  _____ 
2026-07-29 11:43:24 [INFO]   / ____|/ ____|/ ____|
2026-07-29 11:43:24 [INFO]  | |    | (___ | |        [CSC] Version: v0.21
2026-07-29 11:43:24 [INFO]  | |     \___ \| |        Minecraft Version: 1.20.1 forge
2026-07-29 11:43:24 [INFO]  | |____ ____) | |____    Problem/Feedback: Tencent QQ：1061133894
2026-07-29 11:43:24 [INFO]   \_____|_____/ \_____|
2026-07-29 11:43:24 [INFO]                        
2026-07-29 11:45:49 [INFO] CSC close completely, thanks for using!
2026-07-29 11:47:43 [INFO] CSC is loading...   Success！
2026-07-29 11:49:12 [INFO]    _____  _____  _____ 
2026-07-29 11:49:12 [INFO]   / ____|/ ____|/ ____|
2026-07-29 11:49:12 [INFO]  | |    | (___ | |        [CSC] Version: v0.21
2026-07-29 11:49:12 [INFO]  | |     \___ \| |        Minecraft Version: 1.20.1 forge
2026-07-29 11:49:12 [INFO]  | |____ ____) | |____    Problem/Feedback: Tencent QQ：1061133894
2026-07-29 11:49:12 [INFO]   \_____|_____/ \_____|
2026-07-29 11:49:12 [INFO]                        
2026-07-29 11:52:54 [INFO] CSC close completely, thanks for using!
2026-07-29 11:54:37 [INFO] CSC is loading...   Success！
2026-07-29 11:56:36 [INFO]    _____  _____  _____ 
2026-07-29 11:56:36 [INFO]   / ____|/ ____|/ ____|
2026-07-29 11:56:36 [INFO]  | |    | (___ | |        [CSC] Version: v0.21
2026-07-29 11:56:36 [INFO]  | |     \___ \| |        Minecraft Version: 1.20.1 forge
2026-07-29 11:56:36 [INFO]  | |____ ____) | |____    Problem/Feedback: Tencent QQ：1061133894
2026-07-29 11:56:36 [INFO]   \_____|_____/ \_____|
2026-07-29 11:56:36 [INFO]                        
2026-07-29 12:13:06 [INFO] CSC close completely, thanks for using!
2026-07-29 12:14:50 [INFO] CSC is loading...   Success！
2026-07-29 12:16:17 [INFO]    _____  _____  _____ 
2026-07-29 12:16:17 [INFO]   / ____|/ ____|/ ____|
2026-07-29 12:16:17 [INFO]  | |    | (___ | |        [CSC] Version: v0.21
2026-07-29 12:16:17 [INFO]  | |     \___ \| |        Minecraft Version: 1.20.1 forge
2026-07-29 12:16:17 [INFO]  | |____ ____) | |____    Problem/Feedback: Tencent QQ：1061133894
2026-07-29 12:16:17 [INFO]   \_____|_____/ \_____|
2026-07-29 12:16:17 [INFO]                        
2026-07-29 12:17:24 [INFO] CSC close completely, thanks for using!
2026-07-30 22:25:57 [INFO] CSC is loading...   Success！
2026-07-30 22:32:00 [INFO]    _____  _____  _____ 
2026-07-30 22:32:00 [INFO]   / ____|/ ____|/ ____|
2026-07-30 22:32:00 [INFO]  | |    | (___ | |        [CSC] Version: v0.21
2026-07-30 22:32:00 [INFO]  | |     \___ \| |        Minecraft Version: 1.20.1 forge
2026-07-30 22:32:00 [INFO]  | |____ ____) | |____    Problem/Feedback: Tencent QQ：1061133894
2026-07-30 22:32:00 [INFO]   \_____|_____/ \_____|
2026-07-30 22:32:00 [INFO]                        
2026-07-30 23:00:28 [INFO] CSC close completely, thanks for using!
2026-07-30 23:33:34 [INFO] CSC is loading...   Success！
2026-07-30 23:41:26 [INFO]    _____  _____  _____ 
2026-07-30 23:41:26 [INFO]   / ____|/ ____|/ ____|
2026-07-30 23:41:26 [INFO]  | |    | (___ | |        [CSC] Version: v0.21
2026-07-30 23:41:26 [INFO]  | |     \___ \| |        Minecraft Version: 1.20.1 forge
2026-07-30 23:41:26 [INFO]  | |____ ____) | |____    Problem/Feedback: Tencent QQ：1061133894
2026-07-30 23:41:26 [INFO]   \_____|_____/ \_____|
2026-07-30 23:41:26 [INFO]                        
2026-07-31 00:01:39 [INFO] CSC close completely, thanks for using!
2026-07-31 06:24:22 [INFO] CSC is loading...   Success！
2026-07-31 06:26:07 [INFO]    _____  _____  _____ 
2026-07-31 06:26:07 [INFO]   / ____|/ ____|/ ____|
2026-07-31 06:26:07 [INFO]  | |    | (___ | |        [CSC] Version: v0.21
2026-07-31 06:26:07 [INFO]  | |     \___ \| |        Minecraft Version: 1.20.1 forge
2026-07-31 06:26:07 [INFO]  | |____ ____) | |____    Problem/Feedback: Tencent QQ：1061133894
2026-07-31 06:26:07 [INFO]   \_____|_____/ \_____|
2026-07-31 06:26:07 [INFO]                        
2026-07-31 06:27:22 [INFO] CSC close completely, thanks for using!
2026-07-31 06:27:44 [INFO]    _____  _____  _____ 
2026-07-31 06:27:44 [INFO]   / ____|/ ____|/ ____|
2026-07-31 06:27:44 [INFO]  | |    | (___ | |        [CSC] Version: v0.21
2026-07-31 06:27:44 [INFO]  | |     \___ \| |        Minecraft Version: 1.20.1 forge
2026-07-31 06:27:44 [INFO]  | |____ ____) | |____    Problem/Feedback: Tencent QQ：1061133894
2026-07-31 06:27:44 [INFO]   \_____|_____/ \_____|
2026-07-31 06:27:44 [INFO]                        
2026-07-31 06:29:15 [INFO] CSC close completely, thanks for using!
2026-07-31 06:31:08 [INFO] CSC is loading...   Success！
2026-07-31 06:32:36 [INFO]    _____  _____  _____ 
2026-07-31 06:32:36 [INFO]   / ____|/ ____|/ ____|
2026-07-31 06:32:36 [INFO]  | |    | (___ | |        [CSC] Version: v0.21
2026-07-31 06:32:36 [INFO]  | |     \___ \| |        Minecraft Version: 1.20.1 forge
2026-07-31 06:32:36 [INFO]  | |____ ____) | |____    Problem/Feedback: Tencent QQ：1061133894
2026-07-31 06:32:36 [INFO]   \_____|_____/ \_____|
2026-07-31 06:32:36 [INFO]                        
2026-07-31 06:35:50 [INFO] CSC close completely, thanks for using!
2026-07-31 06:46:18 [INFO] CSC is loading...   Success！
2026-07-31 06:48:00 [INFO]    _____  _____  _____ 
2026-07-31 06:48:00 [INFO]   / ____|/ ____|/ ____|
2026-07-31 06:48:00 [INFO]  | |    | (___ | |        [CSC] Version: v0.21
2026-07-31 06:48:00 [INFO]  | |     \___ \| |        Minecraft Version: 1.20.1 forge
2026-07-31 06:48:00 [INFO]  | |____ ____) | |____    Problem/Feedback: Tencent QQ：1061133894
2026-07-31 06:48:00 [INFO]   \_____|_____/ \_____|
2026-07-31 06:48:00 [INFO]                        
2026-07-31 06:53:46 [INFO] CSC close completely, thanks for using!
2026-07-31 12:12:59 [INFO] CSC is loading...   Success！
2026-07-31 12:15:33 [INFO]    _____  _____  _____ 
2026-07-31 12:15:33 [INFO]   / ____|/ ____|/ ____|
2026-07-31 12:15:33 [INFO]  | |    | (___ | |        [CSC] Version: v0.21
2026-07-31 12:15:33 [INFO]  | |     \___ \| |        Minecraft Version: 1.20.1 forge
2026-07-31 12:15:33 [INFO]  | |____ ____) | |____    Problem/Feedback: Tencent QQ：1061133894
2026-07-31 12:15:33 [INFO]   \_____|_____/ \_____|
2026-07-31 12:15:33 [INFO]                        
2026-07-31 12:21:03 [INFO] CSC close completely, thanks for using!
2026-07-31 21:55:29 [INFO] CSC is loading...   Success！
2026-07-31 21:57:07 [INFO]    _____  _____  _____ 
2026-07-31 21:57:07 [INFO]   / ____|/ ____|/ ____|
2026-07-31 21:57:07 [INFO]  | |    | (___ | |        [CSC] Version: v0.21
2026-07-31 21:57:07 [INFO]  | |     \___ \| |        Minecraft Version: 1.20.1 forge
2026-07-31 21:57:07 [INFO]  | |____ ____) | |____    Problem/Feedback: Tencent QQ：1061133894
2026-07-31 21:57:07 [INFO]   \_____|_____/ \_____|
2026-07-31 21:57:07 [INFO]                        
2026-07-31 22:05:10 [INFO] CSC close completely, thanks for using!
2026-07-31 22:20:06 [INFO] CSC is loading...   Success！
2026-07-31 22:21:36 [INFO]    _____  _____  _____ 
2026-07-31 22:21:36 [INFO]   / ____|/ ____|/ ____|
2026-07-31 22:21:36 [INFO]  | |    | (___ | |        [CSC] Version: v0.21
2026-07-31 22:21:36 [INFO]  | |     \___ \| |        Minecraft Version: 1.20.1 forge
2026-07-31 22:21:36 [INFO]  | |____ ____) | |____    Problem/Feedback: Tencent QQ：1061133894
2026-07-31 22:21:36 [INFO]   \_____|_____/ \_____|
2026-07-31 22:21:36 [INFO]                        
2026-07-31 22:36:49 [INFO] CSC close completely, thanks for using!
2026-07-31 22:46:38 [INFO] CSC is loading...   Success！
2026-07-31 22:50:17 [INFO]    _____  _____  _____ 
2026-07-31 22:50:17 [INFO]   / ____|/ ____|/ ____|
2026-07-31 22:50:17 [INFO]  | |    | (___ | |        [CSC] Version: v0.21
2026-07-31 22:50:17 [INFO]  | |     \___ \| |        Minecraft Version: 1.20.1 forge
2026-07-31 22:50:17 [INFO]  | |____ ____) | |____    Problem/Feedback: Tencent QQ：1061133894
2026-07-31 22:50:17 [INFO]   \_____|_____/ \_____|
2026-07-31 22:50:17 [INFO]                        
2026-07-31 22:55:49 [INFO] CSC close completely, thanks for using!
2026-07-31 23:27:02 [INFO] CSC is loading...   Success！
2026-07-31 23:28:39 [INFO]    _____  _____  _____ 
2026-07-31 23:28:39 [INFO]   / ____|/ ____|/ ____|
2026-07-31 23:28:39 [INFO]  | |    | (___ | |        [CSC] Version: v0.21
2026-07-31 23:28:39 [INFO]  | |     \___ \| |        Minecraft Version: 1.20.1 forge
2026-07-31 23:28:39 [INFO]  | |____ ____) | |____    Problem/Feedback: Tencent QQ：1061133894
2026-07-31 23:28:39 [INFO]   \_____|_____/ \_____|
2026-07-31 23:28:39 [INFO]                        
2026-07-31 23:31:05 [INFO] CSC close completely, thanks for using!
2026-08-01 00:47:32 [INFO] CSC is loading...   Success！
2026-08-01 00:59:12 [INFO]    _____  _____  _____ 
2026-08-01 00:59:12 [INFO]   / ____|/ ____|/ ____|
2026-08-01 00:59:12 [INFO]  | |    | (___ | |        [CSC] Version: v0.21
2026-08-01 00:59:12 [INFO]  | |     \___ \| |        Minecraft Version: 1.20.1 forge
2026-08-01 00:59:12 [INFO]  | |____ ____) | |____    Problem/Feedback: Tencent QQ：1061133894
2026-08-01 00:59:12 [INFO]   \_____|_____/ \_____|
2026-08-01 00:59:12 [INFO]                        
2026-08-01 01:07:37 [INFO] CSC close completely, thanks for using!
2026-08-02 09:17:59 [INFO] CSC is loading...   Success！
2026-08-02 09:21:31 [INFO]    _____  _____  _____ 
2026-08-02 09:21:31 [INFO]   / ____|/ ____|/ ____|
2026-08-02 09:21:31 [INFO]  | |    | (___ | |        [CSC] Version: v0.21
2026-08-02 09:21:31 [INFO]  | |     \___ \| |        Minecraft Version: 1.20.1 forge
2026-08-02 09:21:31 [INFO]  | |____ ____) | |____    Problem/Feedback: Tencent QQ：1061133894
2026-08-02 09:21:31 [INFO]   \_____|_____/ \_____|
2026-08-02 09:21:31 [INFO]                        
2026-08-02 09:22:54 [INFO] CSC close completely, thanks for using!
2026-08-02 09:47:50 [INFO] CSC is loading...   Success！
2026-08-02 09:56:38 [INFO] CSC is loading...   Success！
2026-08-02 09:59:44 [INFO] CSC is loading...   Success！
2026-08-02 10:03:42 [INFO] CSC is loading...   Success！
2026-08-02 10:35:29 [INFO] CSC is loading...   Success！
2026-08-02 10:37:06 [INFO]    _____  _____  _____ 
2026-08-02 10:37:06 [INFO]   / ____|/ ____|/ ____|
2026-08-02 10:37:06 [INFO]  | |    | (___ | |        [CSC] Version: v0.21
2026-08-02 10:37:06 [INFO]  | |     \___ \| |        Minecraft Version: 1.20.1 forge
2026-08-02 10:37:06 [INFO]  | |____ ____) | |____    Problem/Feedback: Tencent QQ：1061133894
2026-08-02 10:37:06 [INFO]   \_____|_____/ \_____|
2026-08-02 10:37:06 [INFO]                        
2026-08-02 10:40:21 [INFO] CSC close completely, thanks for using!
2026-08-02 10:46:30 [INFO] CSC is loading...   Success！
2026-08-02 10:51:34 [INFO]    _____  _____  _____ 
2026-08-02 10:51:34 [INFO]   / ____|/ ____|/ ____|
2026-08-02 10:51:34 [INFO]  | |    | (___ | |        [CSC] Version: v0.21
2026-08-02 10:51:34 [INFO]  | |     \___ \| |        Minecraft Version: 1.20.1 forge
2026-08-02 10:51:34 [INFO]  | |____ ____) | |____    Problem/Feedback: Tencent QQ：1061133894
2026-08-02 10:51:34 [INFO]   \_____|_____/ \_____|
2026-08-02 10:51:34 [INFO]                        
2026-08-02 10:57:55 [INFO] CSC close completely, thanks for using!
2026-08-02 11:07:38 [INFO] CSC is loading...   Success！
2026-08-02 11:09:12 [INFO]    _____  _____  _____ 
2026-08-02 11:09:12 [INFO]   / ____|/ ____|/ ____|
2026-08-02 11:09:12 [INFO]  | |    | (___ | |        [CSC] Version: v0.21
2026-08-02 11:09:12 [INFO]  | |     \___ \| |        Minecraft Version: 1.20.1 forge
2026-08-02 11:09:12 [INFO]  | |____ ____) | |____    Problem/Feedback: Tencent QQ：1061133894
2026-08-02 11:09:12 [INFO]   \_____|_____/ \_____|
2026-08-02 11:09:12 [INFO]                        
2026-08-02 11:10:26 [INFO] CSC close completely, thanks for using!
2026-08-02 11:17:18 [INFO] CSC is loading...   Success！
2026-08-02 11:19:14 [INFO]    _____  _____  _____ 
2026-08-02 11:19:14 [INFO]   / ____|/ ____|/ ____|
2026-08-02 11:19:14 [INFO]  | |    | (___ | |        [CSC] Version: v0.21
2026-08-02 11:19:14 [INFO]  | |     \___ \| |        Minecraft Version: 1.20.1 forge
2026-08-02 11:19:14 [INFO]  | |____ ____) | |____    Problem/Feedback: Tencent QQ：1061133894
2026-08-02 11:19:14 [INFO]   \_____|_____/ \_____|
2026-08-02 11:19:14 [INFO]                        
2026-08-02 11:37:40 [INFO] CSC close completely, thanks for using!
2026-08-02 20:35:16 [INFO] CSC is loading...   Success！
2026-08-02 20:42:46 [INFO]    _____  _____  _____ 
2026-08-02 20:42:46 [INFO]   / ____|/ ____|/ ____|
2026-08-02 20:42:46 [INFO]  | |    | (___ | |        [CSC] Version: v0.21
2026-08-02 20:42:46 [INFO]  | |     \___ \| |        Minecraft Version: 1.20.1 forge
2026-08-02 20:42:46 [INFO]  | |____ ____) | |____    Problem/Feedback: Tencent QQ：1061133894
2026-08-02 20:42:46 [INFO]   \_____|_____/ \_____|
2026-08-02 20:42:46 [INFO]                        
2026-08-02 20:44:57 [INFO] CSC close completely, thanks for using!
2026-08-02 20:53:48 [INFO] CSC is loading...   Success！
2026-08-02 21:05:49 [INFO] CSC is loading...   Success！
2026-08-02 21:34:14 [INFO] CSC is loading...   Success！
2026-08-07 18:01:17 [INFO] CSC is loading...   Success！
2026-08-07 18:02:42 [INFO]    _____  _____  _____ 
2026-08-07 18:02:42 [INFO]   / ____|/ ____|/ ____|
2026-08-07 18:02:42 [INFO]  | |    | (___ | |        [CSC] Version: v0.21
2026-08-07 18:02:42 [INFO]  | |     \___ \| |        Minecraft Version: 1.20.1 forge
2026-08-07 18:02:42 [INFO]  | |____ ____) | |____    Problem/Feedback: Tencent QQ：1061133894
2026-08-07 18:02:42 [INFO]   \_____|_____/ \_____|
2026-08-07 18:02:42 [INFO]                        
2026-08-07 18:08:02 [INFO] CSC close completely, thanks for using!
2026-08-07 18:12:50 [INFO] CSC is loading...   Success！
2026-08-07 18:14:10 [INFO]    _____  _____  _____ 
2026-08-07 18:14:10 [INFO]   / ____|/ ____|/ ____|
2026-08-07 18:14:10 [INFO]  | |    | (___ | |        [CSC] Version: v0.21
2026-08-07 18:14:10 [INFO]  | |     \___ \| |        Minecraft Version: 1.20.1 forge
2026-08-07 18:14:10 [INFO]  | |____ ____) | |____    Problem/Feedback: Tencent QQ：1061133894
2026-08-07 18:14:10 [INFO]   \_____|_____/ \_____|
2026-08-07 18:14:10 [INFO]                        
2026-08-07 18:15:30 [INFO] CSC close completely, thanks for using!
2026-08-07 18:17:53 [INFO] CSC is loading...   Success！
2026-08-07 18:18:59 [INFO]    _____  _____  _____ 
2026-08-07 18:18:59 [INFO]   / ____|/ ____|/ ____|
2026-08-07 18:18:59 [INFO]  | |    | (___ | |        [CSC] Version: v0.21
2026-08-07 18:18:59 [INFO]  | |     \___ \| |        Minecraft Version: 1.20.1 forge
2026-08-07 18:18:59 [INFO]  | |____ ____) | |____    Problem/Feedback: Tencent QQ：1061133894
2026-08-07 18:18:59 [INFO]   \_____|_____/ \_____|
2026-08-07 18:18:59 [INFO]                        
2026-08-07 18:23:34 [INFO] CSC close completely, thanks for using!
2026-08-07 18:25:03 [INFO] CSC is loading...   Success！
2026-08-07 18:26:07 [INFO]    _____  _____  _____ 
2026-08-07 18:26:07 [INFO]   / ____|/ ____|/ ____|
2026-08-07 18:26:07 [INFO]  | |    | (___ | |        [CSC] Version: v0.21
2026-08-07 18:26:07 [INFO]  | |     \___ \| |        Minecraft Version: 1.20.1 forge
2026-08-07 18:26:07 [INFO]  | |____ ____) | |____    Problem/Feedback: Tencent QQ：1061133894
2026-08-07 18:26:07 [INFO]   \_____|_____/ \_____|
2026-08-07 18:26:07 [INFO]                        
2026-08-07 18:29:32 [INFO] CSC close completely, thanks for using!
2026-08-07 18:30:44 [INFO] CSC is loading...   Success！
2026-08-07 18:31:53 [INFO]    _____  _____  _____ 
2026-08-07 18:31:53 [INFO]   / ____|/ ____|/ ____|
2026-08-07 18:31:53 [INFO]  | |    | (___ | |        [CSC] Version: v0.21
2026-08-07 18:31:53 [INFO]  | |     \___ \| |        Minecraft Version: 1.20.1 forge
2026-08-07 18:31:53 [INFO]  | |____ ____) | |____    Problem/Feedback: Tencent QQ：1061133894
2026-08-07 18:31:53 [INFO]   \_____|_____/ \_____|
2026-08-07 18:31:53 [INFO]                        
2026-08-07 18:38:24 [INFO] CSC close completely, thanks for using!
2026-08-07 18:41:28 [INFO] CSC is loading...   Success！
2026-08-07 19:32:28 [INFO]    _____  _____  _____ 
2026-08-07 19:32:28 [INFO]   / ____|/ ____|/ ____|
2026-08-07 19:32:28 [INFO]  | |    | (___ | |        [CSC] Version: v0.21
2026-08-07 19:32:28 [INFO]  | |     \___ \| |        Minecraft Version: 1.20.1 forge
2026-08-07 19:32:28 [INFO]  | |____ ____) | |____    Problem/Feedback: Tencent QQ：1061133894
2026-08-07 19:32:28 [INFO]   \_____|_____/ \_____|
2026-08-07 19:32:28 [INFO]                        
2026-08-07 19:35:32 [INFO] CSC close completely, thanks for using!
2026-08-07 19:42:53 [INFO] CSC is loading...   Success！
2026-08-07 19:44:42 [INFO] CSC is loading...   Success！
2026-08-07 19:52:57 [INFO] CSC is loading...   Success！
2026-08-07 19:54:50 [INFO]    _____  _____  _____ 
2026-08-07 19:54:50 [INFO]   / ____|/ ____|/ ____|
2026-08-07 19:54:50 [INFO]  | |    | (___ | |        [CSC] Version: v0.21
2026-08-07 19:54:50 [INFO]  | |     \___ \| |        Minecraft Version: 1.20.1 forge
2026-08-07 19:54:50 [INFO]  | |____ ____) | |____    Problem/Feedback: Tencent QQ：1061133894
2026-08-07 19:54:50 [INFO]   \_____|_____/ \_____|
2026-08-07 19:54:50 [INFO]                        
2026-08-07 20:00:22 [INFO] CSC close completely, thanks for using!
2026-08-07 20:01:34 [INFO] CSC is loading...   Success！
2026-08-07 20:02:37 [INFO]    _____  _____  _____ 
2026-08-07 20:02:37 [INFO]   / ____|/ ____|/ ____|
2026-08-07 20:02:37 [INFO]  | |    | (___ | |        [CSC] Version: v0.21
2026-08-07 20:02:37 [INFO]  | |     \___ \| |        Minecraft Version: 1.20.1 forge
2026-08-07 20:02:37 [INFO]  | |____ ____) | |____    Problem/Feedback: Tencent QQ：1061133894
2026-08-07 20:02:37 [INFO]   \_____|_____/ \_____|
2026-08-07 20:02:37 [INFO]                        
2026-08-07 20:03:56 [INFO] CSC close completely, thanks for using!
2026-08-08 00:02:08 [INFO] CSC is loading...   Success！
2026-08-08 00:09:06 [INFO]    _____  _____  _____ 
2026-08-08 00:09:06 [INFO]   / ____|/ ____|/ ____|
2026-08-08 00:09:06 [INFO]  | |    | (___ | |        [CSC] Version: v0.21
2026-08-08 00:09:06 [INFO]  | |     \___ \| |        Minecraft Version: 1.20.1 forge
2026-08-08 00:09:06 [INFO]  | |____ ____) | |____    Problem/Feedback: Tencent QQ：1061133894
2026-08-08 00:09:06 [INFO]   \_____|_____/ \_____|
2026-08-08 00:09:06 [INFO]                        
2026-08-08 00:13:30 [INFO] CSC close completely, thanks for using!
2026-08-09 14:37:50 [INFO] CSC is loading...   Success！
2026-08-09 14:40:02 [INFO]    _____  _____  _____ 
2026-08-09 14:40:02 [INFO]   / ____|/ ____|/ ____|
2026-08-09 14:40:02 [INFO]  | |    | (___ | |        [CSC] Version: v0.21
2026-08-09 14:40:02 [INFO]  | |     \___ \| |        Minecraft Version: 1.20.1 forge
2026-08-09 14:40:02 [INFO]  | |____ ____) | |____    Problem/Feedback: Tencent QQ：1061133894
2026-08-09 14:40:02 [INFO]   \_____|_____/ \_____|
2026-08-09 14:40:02 [INFO]                        
2026-08-09 14:42:13 [INFO] CSC close completely, thanks for using!
2026-08-09 15:45:50 [INFO] CSC is loading...   Success！
2026-08-09 15:51:53 [INFO]    _____  _____  _____ 
2026-08-09 15:51:53 [INFO]   / ____|/ ____|/ ____|
2026-08-09 15:51:53 [INFO]  | |    | (___ | |        [CSC] Version: v0.21
2026-08-09 15:51:53 [INFO]  | |     \___ \| |        Minecraft Version: 1.20.1 forge
2026-08-09 15:51:53 [INFO]  | |____ ____) | |____    Problem/Feedback: Tencent QQ：1061133894
2026-08-09 15:51:53 [INFO]   \_____|_____/ \_____|
2026-08-09 15:51:53 [INFO]                        
2026-08-09 15:57:40 [INFO] CSC close completely, thanks for using!
2026-08-09 15:59:58 [INFO] CSC is loading...   Success！
2026-08-09 16:01:57 [INFO]    _____  _____  _____ 
2026-08-09 16:01:57 [INFO]   / ____|/ ____|/ ____|
2026-08-09 16:01:57 [INFO]  | |    | (___ | |        [CSC] Version: v0.21
2026-08-09 16:01:57 [INFO]  | |     \___ \| |        Minecraft Version: 1.20.1 forge
2026-08-09 16:01:57 [INFO]  | |____ ____) | |____    Problem/Feedback: Tencent QQ：1061133894
2026-08-09 16:01:57 [INFO]   \_____|_____/ \_____|
2026-08-09 16:01:57 [INFO]                        
2026-08-09 16:04:32 [INFO] CSC close completely, thanks for using!
2026-08-09 16:54:02 [INFO] CSC is loading...   Success！
2026-08-09 16:55:53 [INFO]    _____  _____  _____ 
2026-08-09 16:55:53 [INFO]   / ____|/ ____|/ ____|
2026-08-09 16:55:53 [INFO]  | |    | (___ | |        [CSC] Version: v0.21
2026-08-09 16:55:53 [INFO]  | |     \___ \| |        Minecraft Version: 1.20.1 forge
2026-08-09 16:55:53 [INFO]  | |____ ____) | |____    Problem/Feedback: Tencent QQ：1061133894
2026-08-09 16:55:53 [INFO]   \_____|_____/ \_____|
2026-08-09 16:55:53 [INFO]                        
2026-08-09 17:01:15 [INFO] CSC is loading...   Success！
2026-08-09 17:09:15 [INFO]    _____  _____  _____ 
2026-08-09 17:09:15 [INFO]   / ____|/ ____|/ ____|
2026-08-09 17:09:15 [INFO]  | |    | (___ | |        [CSC] Version: v0.21
2026-08-09 17:09:15 [INFO]  | |     \___ \| |        Minecraft Version: 1.20.1 forge
2026-08-09 17:09:15 [INFO]  | |____ ____) | |____    Problem/Feedback: Tencent QQ：1061133894
2026-08-09 17:09:15 [INFO]   \_____|_____/ \_____|
2026-08-09 17:09:15 [INFO]                        
2026-08-09 17:24:08 [INFO] CSC close completely, thanks for using!
2026-08-09 17:56:29 [INFO] CSC is loading...   Success！
2026-08-09 17:58:30 [INFO]    _____  _____  _____ 
2026-08-09 17:58:30 [INFO]   / ____|/ ____|/ ____|
2026-08-09 17:58:30 [INFO]  | |    | (___ | |        [CSC] Version: v0.21
2026-08-09 17:58:30 [INFO]  | |     \___ \| |        Minecraft Version: 1.20.1 forge
2026-08-09 17:58:30 [INFO]  | |____ ____) | |____    Problem/Feedback: Tencent QQ：1061133894
2026-08-09 17:58:30 [INFO]   \_____|_____/ \_____|
2026-08-09 17:58:30 [INFO]                        
2026-08-09 18:13:29 [INFO] CSC close completely, thanks for using!
2026-08-09 20:39:27 [INFO] CSC is loading...   Success！
2026-08-09 20:41:07 [INFO]    _____  _____  _____ 
2026-08-09 20:41:07 [INFO]   / ____|/ ____|/ ____|
2026-08-09 20:41:07 [INFO]  | |    | (___ | |        [CSC] Version: v0.21
2026-08-09 20:41:07 [INFO]  | |     \___ \| |        Minecraft Version: 1.20.1 forge
2026-08-09 20:41:07 [INFO]  | |____ ____) | |____    Problem/Feedback: Tencent QQ：1061133894
2026-08-09 20:41:07 [INFO]   \_____|_____/ \_____|
2026-08-09 20:41:07 [INFO]                        
2026-08-09 20:43:31 [INFO] CSC close completely, thanks for using!
2026-08-10 00:21:25 [INFO] CSC is loading...   Success！
2026-08-10 00:24:18 [INFO]    _____  _____  _____ 
2026-08-10 00:24:18 [INFO]   / ____|/ ____|/ ____|
2026-08-10 00:24:18 [INFO]  | |    | (___ | |        [CSC] Version: v0.21
2026-08-10 00:24:18 [INFO]  | |     \___ \| |        Minecraft Version: 1.20.1 forge
2026-08-10 00:24:18 [INFO]  | |____ ____) | |____    Problem/Feedback: Tencent QQ：1061133894
2026-08-10 00:24:18 [INFO]   \_____|_____/ \_____|
2026-08-10 00:24:18 [INFO]                        
2026-08-10 00:33:39 [INFO] CSC close completely, thanks for using!
2026-08-10 00:43:56 [INFO] CSC is loading...   Success！
2026-08-10 00:45:35 [INFO]    _____  _____  _____ 
2026-08-10 00:45:35 [INFO]   / ____|/ ____|/ ____|
2026-08-10 00:45:35 [INFO]  | |    | (___ | |        [CSC] Version: v0.21
2026-08-10 00:45:35 [INFO]  | |     \___ \| |        Minecraft Version: 1.20.1 forge
2026-08-10 00:45:35 [INFO]  | |____ ____) | |____    Problem/Feedback: Tencent QQ：1061133894
2026-08-10 00:45:35 [INFO]   \_____|_____/ \_____|
2026-08-10 00:45:35 [INFO]                        
2026-08-10 00:52:16 [INFO] CSC close completely, thanks for using!
2026-08-10 10:40:24 [INFO] CSC is loading...   Success！
2026-08-10 10:42:23 [INFO]    _____  _____  _____ 
2026-08-10 10:42:23 [INFO]   / ____|/ ____|/ ____|
2026-08-10 10:42:23 [INFO]  | |    | (___ | |        [CSC] Version: v0.21
2026-08-10 10:42:23 [INFO]  | |     \___ \| |        Minecraft Version: 1.20.1 forge
2026-08-10 10:42:23 [INFO]  | |____ ____) | |____    Problem/Feedback: Tencent QQ：1061133894
2026-08-10 10:42:23 [INFO]   \_____|_____/ \_____|
2026-08-10 10:42:23 [INFO]                        
2026-08-10 10:52:48 [INFO] CSC close completely, thanks for using!
2026-08-10 11:00:27 [INFO] CSC is loading...   Success！
2026-08-10 11:06:23 [INFO]    _____  _____  _____ 
2026-08-10 11:06:23 [INFO]   / ____|/ ____|/ ____|
2026-08-10 11:06:23 [INFO]  | |    | (___ | |        [CSC] Version: v0.21
2026-08-10 11:06:23 [INFO]  | |     \___ \| |        Minecraft Version: 1.20.1 forge
2026-08-10 11:06:23 [INFO]  | |____ ____) | |____    Problem/Feedback: Tencent QQ：1061133894
2026-08-10 11:06:23 [INFO]   \_____|_____/ \_____|
2026-08-10 11:06:23 [INFO]                        
2026-08-10 11:18:19 [INFO] CSC close completely, thanks for using!
2026-08-10 11:23:46 [INFO] CSC is loading...   Success！
2026-08-10 11:39:20 [INFO]    _____  _____  _____ 
2026-08-10 11:39:20 [INFO]   / ____|/ ____|/ ____|
2026-08-10 11:39:20 [INFO]  | |    | (___ | |        [CSC] Version: v0.21
2026-08-10 11:39:20 [INFO]  | |     \___ \| |        Minecraft Version: 1.20.1 forge
2026-08-10 11:39:20 [INFO]  | |____ ____) | |____    Problem/Feedback: Tencent QQ：1061133894
2026-08-10 11:39:20 [INFO]   \_____|_____/ \_____|
2026-08-10 11:39:20 [INFO]                        
2026-08-10 12:09:39 [INFO] CSC close completely, thanks for using!
2026-08-10 18:33:54 [ERROR] config\CSC\config.toml (The system cannot find the file specified)
2026-08-10 18:33:55 [INFO] CSC is loading...   Success！
2026-08-10 18:33:56 [INFO]   Detected cloud rule update, preparing to download~
2026-08-10 18:33:57 [INFO]   Update completed~
2026-08-10 18:41:39 [INFO] CSC is loading...   Success！
2026-08-10 18:52:58 [INFO] CSC is loading...   Success！
2026-08-10 18:56:16 [INFO] CSC is loading...   Success！
2026-08-10 19:13:01 [INFO] CSC is loading...   Success！
2026-08-10 19:16:31 [INFO] CSC is loading...   Success！
2026-08-10 19:21:15 [INFO] CSC is loading...   Success！
2026-08-10 19:23:35 [INFO] CSC is loading...   Success！
2026-08-10 19:54:15 [INFO] CSC is loading...   Success！
2026-08-10 22:56:02 [INFO] CSC is loading...   Success！
2026-08-10 23:02:02 [INFO] CSC is loading...   Success！
2026-08-10 23:07:19 [INFO] CSC is loading...   Success！
2026-08-10 23:09:17 [INFO]    _____  _____  _____ 
2026-08-10 23:09:17 [INFO]   / ____|/ ____|/ ____|
2026-08-10 23:09:17 [INFO]  | |    | (___ | |        [CSC] Version: v0.21
2026-08-10 23:09:17 [INFO]  | |     \___ \| |        Minecraft Version: 1.20.1 forge
2026-08-10 23:09:17 [INFO]  | |____ ____) | |____    Problem/Feedback: Tencent QQ：1061133894
2026-08-10 23:09:17 [INFO]   \_____|_____/ \_____|
2026-08-10 23:09:17 [INFO]                        
2026-08-10 23:14:03 [INFO] CSC close completely, thanks for using!
2026-08-10 23:17:10 [INFO] CSC is loading...   Success！
2026-08-10 23:19:24 [INFO]    _____  _____  _____ 
2026-08-10 23:19:24 [INFO]   / ____|/ ____|/ ____|
2026-08-10 23:19:24 [INFO]  | |    | (___ | |        [CSC] Version: v0.21
2026-08-10 23:19:24 [INFO]  | |     \___ \| |        Minecraft Version: 1.20.1 forge
2026-08-10 23:19:24 [INFO]  | |____ ____) | |____    Problem/Feedback: Tencent QQ：1061133894
2026-08-10 23:19:24 [INFO]   \_____|_____/ \_____|
2026-08-10 23:19:24 [INFO]                        
2026-08-10 23:23:54 [INFO] CSC close completely, thanks for using!
2026-08-11 22:38:31 [INFO] CSC is loading...   Success！
2026-08-11 22:41:09 [INFO]    _____  _____  _____ 
2026-08-11 22:41:09 [INFO]   / ____|/ ____|/ ____|
2026-08-11 22:41:09 [INFO]  | |    | (___ | |        [CSC] Version: v0.21
2026-08-11 22:41:09 [INFO]  | |     \___ \| |        Minecraft Version: 1.20.1 forge
2026-08-11 22:41:09 [INFO]  | |____ ____) | |____    Problem/Feedback: Tencent QQ：1061133894
2026-08-11 22:41:09 [INFO]   \_____|_____/ \_____|
2026-08-11 22:41:09 [INFO]                        
2026-08-11 23:09:42 [INFO] CSC close completely, thanks for using!
2026-08-12 10:01:53 [INFO] CSC is loading...   Success！
2026-08-12 10:06:07 [INFO]    _____  _____  _____ 
2026-08-12 10:06:07 [INFO]   / ____|/ ____|/ ____|
2026-08-12 10:06:07 [INFO]  | |    | (___ | |        [CSC] Version: v0.21
2026-08-12 10:06:07 [INFO]  | |     \___ \| |        Minecraft Version: 1.20.1 forge
2026-08-12 10:06:07 [INFO]  | |____ ____) | |____    Problem/Feedback: Tencent QQ：1061133894
2026-08-12 10:06:07 [INFO]   \_____|_____/ \_____|
2026-08-12 10:06:07 [INFO]                        
2026-08-12 10:07:03 [INFO] CSC close completely, thanks for using!
2026-08-12 10:10:37 [INFO] CSC is loading...   Success！
2026-08-12 10:12:31 [INFO]    _____  _____  _____ 
2026-08-12 10:12:31 [INFO]   / ____|/ ____|/ ____|
2026-08-12 10:12:31 [INFO]  | |    | (___ | |        [CSC] Version: v0.21
2026-08-12 10:12:31 [INFO]  | |     \___ \| |        Minecraft Version: 1.20.1 forge
2026-08-12 10:12:31 [INFO]  | |____ ____) | |____    Problem/Feedback: Tencent QQ：1061133894
2026-08-12 10:12:31 [INFO]   \_____|_____/ \_____|
2026-08-12 10:12:31 [INFO]                        
2026-08-12 11:04:18 [INFO] CSC close completely, thanks for using!
2026-08-12 11:14:35 [INFO] CSC is loading...   Success！
2026-08-12 11:16:27 [INFO]    _____  _____  _____ 
2026-08-12 11:16:27 [INFO]   / ____|/ ____|/ ____|
2026-08-12 11:16:27 [INFO]  | |    | (___ | |        [CSC] Version: v0.21
2026-08-12 11:16:27 [INFO]  | |     \___ \| |        Minecraft Version: 1.20.1 forge
2026-08-12 11:16:27 [INFO]  | |____ ____) | |____    Problem/Feedback: Tencent QQ：1061133894
2026-08-12 11:16:27 [INFO]   \_____|_____/ \_____|
2026-08-12 11:16:27 [INFO]                        
2026-08-12 11:23:07 [INFO] CSC close completely, thanks for using!
